transaction_id,client_id,name,asset_type,amount,date
T000000,C0072,Client 72,Bond,11345.98,2020-01-01T00:00:00.000000
T000001,C0041,Client 41,Bond,18237.56,2020-01-01T01:00:00.000000
T000002,C0072,Client 72,Equity,4766.09,2020-01-01T02:00:00.000000
T000003,C0052,Client 52,Bond,5540.4,2020-01-01T03:00:00.000000
T000004,C0007,Client 7,Bond,16494.32,2020-01-01T04:00:00.000000
T000005,C0067,Client 67,Equity,7120.51,2020-01-01T05:00:00.000000
T000006,C0094,Client 94,Commodity,16916.45,2020-01-01T06:00:00.000000
T000007,C0033,Client 33,Equity,11280.6,2020-01-01T07:00:00.000000
T000008,C0015,Client 15,Equity,991.92,2020-01-01T08:00:00.000000
T000009,C0095,Client 95,Equity,14966.49,2020-01-01T09:00:00.000000
T000010,C0014,Client 14,Bond,5621.82,2020-01-01T10:00:00.000000
T000011,C0090,Client 90,Commodity,15077.26,2020-01-01T11:00:00.000000
T000012,C0099,Client 99,Bond,5811.14,2020-01-01T12:00:00.000000
T000013,C0002,Client 2,Bond,9573.34,2020-01-01T13:00:00.000000
T000014,C0078,Client 78,Commodity,3738.6,2020-01-01T14:00:00.000000
T000015,C0068,Client 68,Equity,12278.28,2020-01-01T15:00:00.000000
T000016,C0048,Client 48,Bond,13041.01,2020-01-01T16:00:00.000000
T000017,C0016,Client 16,Commodity,3476.54,2020-01-01T17:00:00.000000
T000018,C0039,Client 39,Bond,7136.02,2020-01-01T18:00:00.000000
T000019,C0057,Client 57,Bond,8746.5,2020-01-01T19:00:00.000000
T000021,C0091,Client 91,Bond,18598.63,2020-01-01T21:00:00.000000
T000022,C0012,Client 12,Bond,6695.0,2020-01-01T22:00:00.000000
T000023,C0067,Client 67,Commodity,13300.84,2020-01-01T23:00:00.000000
T000024,C0092,Client 92,Equity,6399.69,2020-01-02T00:00:00.000000
T000025,C0050,Client 50,Bond,17731.04,2020-01-02T01:00:00.000000
T000026,C0096,Client 96,Equity,10093.43,2020-01-02T02:00:00.000000
T000027,C0015,Client 15,Commodity,1511.46,2020-01-02T03:00:00.000000
T000028,C0060,Client 60,Bond,5601.25,2020-01-02T04:00:00.000000
T000029,C0073,Client 73,Bond,7089.79,2020-01-02T05:00:00.000000
T000030,C0044,Client 44,Equity,2159.78,2020-01-02T06:00:00.000000
T000031,C0040,Client 40,Bond,8311.01,2020-01-02T07:00:00.000000
T000032,C0013,Client 13,Bond,12320.62,2020-01-02T08:00:00.000000
T000033,C0018,Client 18,Bond,12576.38,2020-01-02T09:00:00.000000
T000034,C0072,Client 72,Equity,8081.07,2020-01-02T10:00:00.000000
T000035,C0022,Client 22,Bond,12581.56,2020-01-02T11:00:00.000000
T000036,C0094,Client 94,Bond,6568.4,2020-01-02T12:00:00.000000
T000037,C0023,Client 23,Equity,9909.61,2020-01-02T13:00:00.000000
T000038,C0032,Client 32,Commodity,1033.48,2020-01-02T14:00:00.000000
T000039,C0080,Client 80,Commodity,22920.61,2020-01-02T15:00:00.000000
T000040,C0008,Client 8,Bond,6528.66,2020-01-02T16:00:00.000000
T000041,C0033,Client 33,Bond,9962.59,2020-01-02T17:00:00.000000
T000042,C0037,Client 37,Bond,7640.43,2020-01-02T18:00:00.000000
T000043,C0001,Client 1,Bond,6799.96,2020-01-02T19:00:00.000000
T000044,C0033,Client 33,Bond,19722.17,2020-01-02T20:00:00.000000
T000045,C0081,Client 81,Commodity,11835.9,2020-01-02T21:00:00.000000
T000046,C0044,Client 44,Bond,3956.36,2020-01-02T22:00:00.000000
T000048,C0052,Client 52,Equity,10150.87,2020-01-03T00:00:00.000000
T000049,C0069,Client 69,Bond,4455.57,2020-01-03T01:00:00.000000
T000050,C0030,Client 30,Bond,679.51,2020-01-03T02:00:00.000000
T000051,C0064,Client 64,Equity,14710.96,2020-01-03T03:00:00.000000
T000053,C0056,Client 56,Bond,11616.84,2020-01-03T05:00:00.000000
T000054,C0020,Client 20,Commodity,14028.8,2020-01-03T06:00:00.000000
T000055,C0067,Client 67,Commodity,10517.79,2020-01-03T07:00:00.000000
T000056,C0020,Client 20,Bond,13167.64,2020-01-03T08:00:00.000000
T000057,C0062,Client 62,Commodity,14951.36,2020-01-03T09:00:00.000000
T000058,C0010,Client 10,Commodity,7226.31,2020-01-03T10:00:00.000000
T000059,C0078,Client 78,Bond,21461.76,2020-01-03T11:00:00.000000
T000060,C0038,Client 38,Bond,13857.57,2020-01-03T12:00:00.000000
T000061,C0056,Client 56,Equity,4553.74,2020-01-03T13:00:00.000000
T000062,C0083,Client 83,Bond,8730.38,2020-01-03T14:00:00.000000
T000063,C0050,Client 50,Equity,8535.48,2020-01-03T15:00:00.000000
T000064,C0000,Client 0,Bond,7627.98,2020-01-03T16:00:00.000000
T000065,C0079,Client 79,Bond,9311.28,2020-01-03T17:00:00.000000
T000066,C0068,Client 68,Equity,6419.7,2020-01-03T18:00:00.000000
T000067,C0071,Client 71,Bond,11257.08,2020-01-03T19:00:00.000000
T000068,C0086,Client 86,Equity,15461.79,2020-01-03T20:00:00.000000
T000069,C0050,Client 50,Commodity,17642.2,2020-01-03T21:00:00.000000
T000070,C0031,Client 31,Bond,10497.71,2020-01-03T22:00:00.000000
T000071,C0063,Client 63,Bond,14463.78,2020-01-03T23:00:00.000000
T000072,C0079,Client 79,Bond,6440.02,2020-01-04T00:00:00.000000
T000073,C0016,Client 16,Bond,1176.15,2020-01-04T01:00:00.000000
T000074,C0001,Client 1,Bond,13335.84,2020-01-04T02:00:00.000000
T000075,C0073,Client 73,Equity,10076.5,2020-01-04T03:00:00.000000
T000076,C0051,Client 51,Commodity,8003.12,2020-01-04T04:00:00.000000
T000077,C0069,Client 69,Bond,5004.82,2020-01-04T05:00:00.000000
T000078,C0009,Client 9,Equity,14708.58,2020-01-04T06:00:00.000000
T000079,C0032,Client 32,Bond,8235.82,2020-01-04T07:00:00.000000
T000080,C0038,Client 38,Bond,13530.15,2020-01-04T08:00:00.000000
T000081,C0084,Client 84,Commodity,16124.66,2020-01-04T09:00:00.000000
T000082,C0072,Client 72,Bond,11403.8,2020-01-04T10:00:00.000000
T000083,C0079,Client 79,Commodity,10071.66,2020-01-04T11:00:00.000000
T000084,C0096,Client 96,Bond,11373.15,2020-01-04T12:00:00.000000
T000085,C0037,Client 37,Bond,21550.37,2020-01-04T13:00:00.000000
T000086,C0094,Client 94,Commodity,8651.76,2020-01-04T14:00:00.000000
T000087,C0009,Client 9,Bond,18762.66,2020-01-04T15:00:00.000000
T000088,C0081,Client 81,Bond,15406.27,2020-01-04T16:00:00.000000
T000089,C0062,Client 62,Equity,8408.92,2020-01-04T17:00:00.000000
T000090,C0059,Client 59,Bond,765.04,2020-01-04T18:00:00.000000
T000091,C0089,Client 89,Bond,13488.31,2020-01-04T19:00:00.000000
T000092,C0034,Client 34,Bond,11981.5,2020-01-04T20:00:00.000000
T000093,C0046,Client 46,Equity,11450.56,2020-01-04T21:00:00.000000
T000094,C0043,Client 43,Commodity,2642.83,2020-01-04T22:00:00.000000
T000095,C0066,Client 66,Bond,17304.75,2020-01-04T23:00:00.000000
T000096,C0044,Client 44,Equity,10906.94,2020-01-05T00:00:00.000000
T000097,C0059,Client 59,Commodity,443.46,2020-01-05T01:00:00.000000
T000098,C0070,Client 70,Bond,13712.61,2020-01-05T02:00:00.000000
T000099,C0053,Client 53,Commodity,112.74,2020-01-05T03:00:00.000000
T000100,C0042,Client 42,Bond,8523.12,2020-01-05T04:00:00.000000
T000101,C0084,Client 84,Bond,14504.96,2020-01-05T05:00:00.000000
T000102,C0001,Client 1,Bond,12498.02,2020-01-05T06:00:00.000000
T000103,C0015,Client 15,Equity,10477.83,2020-01-05T07:00:00.000000
T000104,C0027,Client 27,Bond,12908.03,2020-01-05T08:00:00.000000
T000105,C0073,Client 73,Bond,10343.26,2020-01-05T09:00:00.000000
T000106,C0045,Client 45,Equity,16492.05,2020-01-05T10:00:00.000000
T000107,C0046,Client 46,Bond,11212.36,2020-01-05T11:00:00.000000
T000108,C0099,Client 99,Bond,9218.21,2020-01-05T12:00:00.000000
T000109,C0028,Client 28,Bond,16171.89,2020-01-05T13:00:00.000000
T000110,C0049,Client 49,Bond,9763.68,2020-01-05T14:00:00.000000
T000111,C0032,Client 32,Commodity,3668.16,2020-01-05T15:00:00.000000
T000112,C0004,Client 4,Bond,12405.23,2020-01-05T16:00:00.000000
T000113,C0005,Client 5,Bond,19075.91,2020-01-05T17:00:00.000000
T000114,C0013,Client 13,Bond,12084.38,2020-01-05T18:00:00.000000
T000115,C0083,Client 83,Equity,6063.96,2020-01-05T19:00:00.000000
T000116,C0009,Client 9,Bond,9199.23,2020-01-05T20:00:00.000000
T000117,C0015,Client 15,Bond,2725.69,2020-01-05T21:00:00.000000
T000119,C0053,Client 53,Bond,2051.34,2020-01-05T23:00:00.000000
T000120,C0071,Client 71,Bond,12871.83,2020-01-06T00:00:00.000000
T000121,C0073,Client 73,Equity,9081.09,2020-01-06T01:00:00.000000
T000122,C0034,Client 34,Commodity,3858.39,2020-01-06T02:00:00.000000
T000123,C0077,Client 77,Equity,9959.68,2020-01-06T03:00:00.000000
T000124,C0017,Client 17,Equity,5403.91,2020-01-06T04:00:00.000000
T000125,C0022,Client 22,Commodity,11244.17,2020-01-06T05:00:00.000000
T000126,C0010,Client 10,Bond,10062.65,2020-01-06T06:00:00.000000
T000127,C0014,Client 14,Commodity,18832.4,2020-01-06T07:00:00.000000
T000128,C0013,Client 13,Commodity,12700.15,2020-01-06T08:00:00.000000
T000129,C0078,Client 78,Equity,333.98,2020-01-06T09:00:00.000000
T000130,C0073,Client 73,Bond,5912.05,2020-01-06T10:00:00.000000
T000131,C0088,Client 88,Commodity,3699.53,2020-01-06T11:00:00.000000
T000132,C0083,Client 83,Commodity,10311.03,2020-01-06T12:00:00.000000
T000133,C0055,Client 55,Equity,9881.63,2020-01-06T13:00:00.000000
T000134,C0036,Client 36,Bond,5910.31,2020-01-06T14:00:00.000000
T000135,C0096,Client 96,Bond,17290.5,2020-01-06T15:00:00.000000
T000136,C0058,Client 58,Bond,7835.58,2020-01-06T16:00:00.000000
T000137,C0053,Client 53,Bond,15512.37,2020-01-06T17:00:00.000000
T000138,C0016,Client 16,Equity,12094.76,2020-01-06T18:00:00.000000
T000139,C0012,Client 12,Commodity,8125.19,2020-01-06T19:00:00.000000
T000140,C0010,Client 10,Commodity,9652.83,2020-01-06T20:00:00.000000
T000141,C0066,Client 66,Equity,5344.86,2020-01-06T21:00:00.000000
T000142,C0070,Client 70,Bond,6722.85,2020-01-06T22:00:00.000000
T000143,C0051,Client 51,Commodity,8438.82,2020-01-06T23:00:00.000000
T000144,C0034,Client 34,Bond,3466.3,2020-01-07T00:00:00.000000
T000145,C0014,Client 14,Bond,4779.28,2020-01-07T01:00:00.000000
T000146,C0029,Client 29,Equity,20789.34,2020-01-07T02:00:00.000000
T000147,C0059,Client 59,Equity,16979.67,2020-01-07T03:00:00.000000
T000148,C0050,Client 50,Commodity,6283.54,2020-01-07T04:00:00.000000
T000149,C0010,Client 10,Commodity,4105.36,2020-01-07T05:00:00.000000
T000150,C0059,Client 59,Equity,13679.0,2020-01-07T06:00:00.000000
T000151,C0038,Client 38,Bond,19941.78,2020-01-07T07:00:00.000000
T000152,C0022,Client 22,Bond,21049.32,2020-01-07T08:00:00.000000
T000153,C0023,Client 23,Equity,8430.24,2020-01-07T09:00:00.000000
T000154,C0083,Client 83,Bond,11887.1,2020-01-07T10:00:00.000000
T000155,C0049,Client 49,Bond,16286.23,2020-01-07T11:00:00.000000
T000156,C0083,Client 83,Bond,13180.45,2020-01-07T12:00:00.000000
T000157,C0092,Client 92,Bond,6112.54,2020-01-07T13:00:00.000000
T000158,C0053,Client 53,Equity,14070.02,2020-01-07T14:00:00.000000
T000159,C0009,Client 9,Bond,7013.73,2020-01-07T15:00:00.000000
T000160,C0015,Client 15,Commodity,13799.62,2020-01-07T16:00:00.000000
T000161,C0053,Client 53,Bond,6357.25,2020-01-07T17:00:00.000000
T000162,C0044,Client 44,Commodity,10103.33,2020-01-07T18:00:00.000000
T000163,C0094,Client 94,Commodity,9761.38,2020-01-07T19:00:00.000000
T000164,C0093,Client 93,Bond,12851.9,2020-01-07T20:00:00.000000
T000165,C0000,Client 0,Bond,8364.56,2020-01-07T21:00:00.000000
T000166,C0000,Client 0,Commodity,9568.67,2020-01-07T22:00:00.000000
T000167,C0022,Client 22,Equity,541.61,2020-01-07T23:00:00.000000
T000168,C0093,Client 93,Equity,3864.45,2020-01-08T00:00:00.000000
T000169,C0080,Client 80,Equity,10186.89,2020-01-08T01:00:00.000000
T000170,C0033,Client 33,Bond,2843.49,2020-01-08T02:00:00.000000
T000171,C0087,Client 87,Bond,17489.48,2020-01-08T03:00:00.000000
T000172,C0094,Client 94,Commodity,20011.94,2020-01-08T04:00:00.000000
T000173,C0017,Client 17,Bond,5166.35,2020-01-08T05:00:00.000000
T000174,C0017,Client 17,Bond,12308.98,2020-01-08T06:00:00.000000
T000175,C0020,Client 20,Bond,10961.5,2020-01-08T07:00:00.000000
T000176,C0047,Client 47,Commodity,17211.2,2020-01-08T08:00:00.000000
T000177,C0000,Client 0,Bond,13706.36,2020-01-08T09:00:00.000000
T000178,C0095,Client 95,Bond,10694.79,2020-01-08T10:00:00.000000
T000179,C0045,Client 45,Bond,3074.56,2020-01-08T11:00:00.000000
T000180,C0086,Client 86,Bond,12666.81,2020-01-08T12:00:00.000000
T000181,C0024,Client 24,Equity,5830.76,2020-01-08T13:00:00.000000
T000182,C0054,Client 54,Commodity,3389.93,2020-01-08T14:00:00.000000
T000183,C0096,Client 96,Bond,10303.91,2020-01-08T15:00:00.000000
T000184,C0092,Client 92,Bond,14266.63,2020-01-08T16:00:00.000000
T000185,C0012,Client 12,Equity,7931.52,2020-01-08T17:00:00.000000
T000186,C0006,Client 6,Commodity,14701.02,2020-01-08T18:00:00.000000
T000187,C0089,Client 89,Commodity,13975.56,2020-01-08T19:00:00.000000
T000188,C0025,Client 25,Commodity,7236.05,2020-01-08T20:00:00.000000
T000189,C0043,Client 43,Bond,17387.26,2020-01-08T21:00:00.000000
T000190,C0068,Client 68,Equity,7778.72,2020-01-08T22:00:00.000000
T000191,C0071,Client 71,Bond,10111.43,2020-01-08T23:00:00.000000
T000192,C0057,Client 57,Equity,14176.16,2020-01-09T00:00:00.000000
T000193,C0062,Client 62,Commodity,20022.35,2020-01-09T01:00:00.000000
T000194,C0079,Client 79,Bond,9629.7,2020-01-09T02:00:00.000000
T000195,C0059,Client 59,Commodity,5369.19,2020-01-09T03:00:00.000000
T000196,C0057,Client 57,Bond,12929.87,2020-01-09T04:00:00.000000
T000197,C0041,Client 41,Bond,15208.54,2020-01-09T05:00:00.000000
T000198,C0008,Client 8,Equity,15419.9,2020-01-09T06:00:00.000000
T000199,C0057,Client 57,Bond,18367.02,2020-01-09T07:00:00.000000
T000200,C0071,Client 71,Bond,10697.67,2020-01-09T08:00:00.000000
T000201,C0035,Client 35,Equity,7690.92,2020-01-09T09:00:00.000000
T000202,C0001,Client 1,Bond,10596.63,2020-01-09T10:00:00.000000
T000203,C0048,Client 48,Bond,15636.48,2020-01-09T11:00:00.000000
T000204,C0007,Client 7,Bond,4022.12,2020-01-09T12:00:00.000000
T000205,C0039,Client 39,Bond,6459.4,2020-01-09T13:00:00.000000
T000206,C0034,Client 34,Bond,10308.64,2020-01-09T14:00:00.000000
T000207,C0038,Client 38,Bond,16145.68,2020-01-09T15:00:00.000000
T000208,C0055,Client 55,Equity,6775.07,2020-01-09T16:00:00.000000
T000209,C0004,Client 4,Equity,8559.56,2020-01-09T17:00:00.000000
T000210,C0068,Client 68,Bond,8933.13,2020-01-09T18:00:00.000000
T000211,C0067,Client 67,Commodity,7178.6,2020-01-09T19:00:00.000000
T000212,C0000,Client 0,Commodity,12575.21,2020-01-09T20:00:00.000000
T000213,C0083,Client 83,Commodity,5722.84,2020-01-09T21:00:00.000000
T000214,C0014,Client 14,Bond,709.36,2020-01-09T22:00:00.000000
T000215,C0048,Client 48,Commodity,13995.73,2020-01-09T23:00:00.000000
T000216,C0079,Client 79,Equity,18174.69,2020-01-10T00:00:00.000000
T000217,C0065,Client 65,Bond,2294.22,2020-01-10T01:00:00.000000
T000219,C0049,Client 49,Equity,3088.24,2020-01-10T03:00:00.000000
T000220,C0023,Client 23,Bond,10019.27,2020-01-10T04:00:00.000000
T000221,C0027,Client 27,Commodity,10780.33,2020-01-10T05:00:00.000000
T000222,C0087,Client 87,Commodity,19052.91,2020-01-10T06:00:00.000000
T000223,C0013,Client 13,Commodity,13534.19,2020-01-10T07:00:00.000000
T000224,C0025,Client 25,Equity,2879.71,2020-01-10T08:00:00.000000
T000225,C0023,Client 23,Bond,11526.34,2020-01-10T09:00:00.000000
T000226,C0068,Client 68,Bond,11468.26,2020-01-10T10:00:00.000000
T000227,C0078,Client 78,Bond,15975.98,2020-01-10T11:00:00.000000
T000228,C0009,Client 9,Bond,10025.86,2020-01-10T12:00:00.000000
T000229,C0031,Client 31,Commodity,8343.08,2020-01-10T13:00:00.000000
T000230,C0095,Client 95,Equity,12884.79,2020-01-10T14:00:00.000000
T000231,C0074,Client 74,Commodity,15400.94,2020-01-10T15:00:00.000000
T000232,C0003,Client 3,Commodity,4178.67,2020-01-10T16:00:00.000000
T000233,C0059,Client 59,Bond,10747.78,2020-01-10T17:00:00.000000
T000234,C0073,Client 73,Bond,7898.33,2020-01-10T18:00:00.000000
T000235,C0053,Client 53,Commodity,15426.44,2020-01-10T19:00:00.000000
T000236,C0003,Client 3,Equity,10522.27,2020-01-10T20:00:00.000000
T000237,C0069,Client 69,Commodity,10478.33,2020-01-10T21:00:00.000000
T000238,C0079,Client 79,Equity,11184.56,2020-01-10T22:00:00.000000
T000239,C0015,Client 15,Equity,3971.73,2020-01-10T23:00:00.000000
T000240,C0080,Client 80,Bond,18389.57,2020-01-11T00:00:00.000000
T000241,C0091,Client 91,Bond,3438.44,2020-01-11T01:00:00.000000
T000242,C0023,Client 23,Equity,8207.86,2020-01-11T02:00:00.000000
T000243,C0016,Client 16,Bond,5889.67,2020-01-11T03:00:00.000000
T000244,C0015,Client 15,Bond,12122.67,2020-01-11T04:00:00.000000
T000245,C0076,Client 76,Bond,17627.19,2020-01-11T05:00:00.000000
T000246,C0075,Client 75,Equity,19491.19,2020-01-11T06:00:00.000000
T000247,C0033,Client 33,Bond,9258.04,2020-01-11T07:00:00.000000
T000248,C0076,Client 76,Bond,23256.6,2020-01-11T08:00:00.000000
T000249,C0091,Client 91,Commodity,11922.98,2020-01-11T09:00:00.000000
T000250,C0071,Client 71,Bond,9574.68,2020-01-11T10:00:00.000000
T000251,C0070,Client 70,Commodity,5175.83,2020-01-11T11:00:00.000000
T000252,C0042,Client 42,Bond,11127.08,2020-01-11T12:00:00.000000
T000253,C0073,Client 73,Commodity,11033.48,2020-01-11T13:00:00.000000
T000254,C0032,Client 32,Equity,11569.31,2020-01-11T14:00:00.000000
T000255,C0051,Client 51,Bond,15040.19,2020-01-11T15:00:00.000000
T000256,C0056,Client 56,Equity,9330.21,2020-01-11T16:00:00.000000
T000257,C0036,Client 36,Equity,13047.22,2020-01-11T17:00:00.000000
T000258,C0052,Client 52,Bond,7189.3,2020-01-11T18:00:00.000000
T000259,C0005,Client 5,Bond,12669.38,2020-01-11T19:00:00.000000
T000260,C0087,Client 87,Equity,10100.83,2020-01-11T20:00:00.000000
T000261,C0011,Client 11,Commodity,4640.32,2020-01-11T21:00:00.000000
T000262,C0078,Client 78,Equity,13787.11,2020-01-11T22:00:00.000000
T000263,C0022,Client 22,Commodity,17516.04,2020-01-11T23:00:00.000000
T000264,C0090,Client 90,Equity,8218.81,2020-01-12T00:00:00.000000
T000265,C0061,Client 61,Commodity,7173.68,2020-01-12T01:00:00.000000
T000266,C0055,Client 55,Bond,12144.88,2020-01-12T02:00:00.000000
T000267,C0059,Client 59,Equity,11869.13,2020-01-12T03:00:00.000000
T000268,C0072,Client 72,Bond,12821.0,2020-01-12T04:00:00.000000
T000269,C0061,Client 61,Bond,3439.43,2020-01-12T05:00:00.000000
T000270,C0038,Client 38,Bond,6777.04,2020-01-12T06:00:00.000000
T000271,C0089,Client 89,Equity,6081.56,2020-01-12T07:00:00.000000
T000272,C0061,Client 61,Bond,6816.13,2020-01-12T08:00:00.000000
T000273,C0066,Client 66,Equity,3517.53,2020-01-12T09:00:00.000000
T000274,C0092,Client 92,Bond,19882.14,2020-01-12T10:00:00.000000
T000275,C0049,Client 49,Bond,7884.98,2020-01-12T11:00:00.000000
T000276,C0049,Client 49,Commodity,13587.99,2020-01-12T12:00:00.000000
T000277,C0057,Client 57,Bond,3499.59,2020-01-12T13:00:00.000000
T000279,C0083,Client 83,Equity,5623.38,2020-01-12T15:00:00.000000
T000280,C0099,Client 99,Commodity,6593.48,2020-01-12T16:00:00.000000
T000281,C0051,Client 51,Bond,12133.65,2020-01-12T17:00:00.000000
T000282,C0044,Client 44,Commodity,13642.72,2020-01-12T18:00:00.000000
T000283,C0035,Client 35,Equity,9728.87,2020-01-12T19:00:00.000000
T000284,C0023,Client 23,Bond,12892.38,2020-01-12T20:00:00.000000
T000285,C0039,Client 39,Equity,14689.17,2020-01-12T21:00:00.000000
T000286,C0071,Client 71,Bond,816.7,2020-01-12T22:00:00.000000
T000287,C0039,Client 39,Equity,3335.4,2020-01-12T23:00:00.000000
T000288,C0000,Client 0,Bond,7622.12,2020-01-13T00:00:00.000000
T000289,C0022,Client 22,Commodity,14187.25,2020-01-13T01:00:00.000000
T000290,C0089,Client 89,Bond,14008.52,2020-01-13T02:00:00.000000
T000291,C0017,Client 17,Equity,14472.2,2020-01-13T03:00:00.000000
T000292,C0075,Client 75,Bond,651.65,2020-01-13T04:00:00.000000
T000293,C0094,Client 94,Equity,7772.65,2020-01-13T05:00:00.000000
T000294,C0071,Client 71,Bond,5371.7,2020-01-13T06:00:00.000000
T000295,C0056,Client 56,Equity,8828.03,2020-01-13T07:00:00.000000
T000296,C0037,Client 37,Commodity,7223.15,2020-01-13T08:00:00.000000
T000297,C0085,Client 85,Bond,14039.07,2020-01-13T09:00:00.000000
T000298,C0080,Client 80,Bond,14000.16,2020-01-13T10:00:00.000000
T000299,C0059,Client 59,Bond,16076.69,2020-01-13T11:00:00.000000
T000300,C0019,Client 19,Commodity,10045.69,2020-01-13T12:00:00.000000
T000301,C0010,Client 10,Equity,10389.29,2020-01-13T13:00:00.000000
T000302,C0023,Client 23,Equity,5085.25,2020-01-13T14:00:00.000000
T000303,C0018,Client 18,Bond,11991.67,2020-01-13T15:00:00.000000
T000304,C0050,Client 50,Bond,11307.98,2020-01-13T16:00:00.000000
T000305,C0036,Client 36,Bond,3447.27,2020-01-13T17:00:00.000000
T000306,C0004,Client 4,Commodity,13487.14,2020-01-13T18:00:00.000000
T000307,C0011,Client 11,Commodity,16948.1,2020-01-13T19:00:00.000000
T000308,C0047,Client 47,Equity,13027.89,2020-01-13T20:00:00.000000
T000309,C0054,Client 54,Bond,6066.1,2020-01-13T21:00:00.000000
T000310,C0084,Client 84,Commodity,13791.81,2020-01-13T22:00:00.000000
T000311,C0018,Client 18,Equity,18600.65,2020-01-13T23:00:00.000000
T000312,C0070,Client 70,Commodity,15449.15,2020-01-14T00:00:00.000000
T000313,C0092,Client 92,Equity,9984.89,2020-01-14T01:00:00.000000
T000314,C0041,Client 41,Bond,13505.57,2020-01-14T02:00:00.000000
T000315,C0027,Client 27,Equity,13847.72,2020-01-14T03:00:00.000000
T000316,C0053,Client 53,Equity,7327.35,2020-01-14T04:00:00.000000
T000317,C0091,Client 91,Bond,9310.56,2020-01-14T05:00:00.000000
T000318,C0035,Client 35,Bond,12382.0,2020-01-14T06:00:00.000000
T000319,C0085,Client 85,Bond,5715.34,2020-01-14T07:00:00.000000
T000320,C0091,Client 91,Bond,8910.54,2020-01-14T08:00:00.000000
T000321,C0053,Client 53,Bond,21763.54,2020-01-14T09:00:00.000000
T000322,C0014,Client 14,Equity,14468.05,2020-01-14T10:00:00.000000
T000323,C0000,Client 0,Equity,2456.62,2020-01-14T11:00:00.000000
T000324,C0034,Client 34,Bond,9754.45,2020-01-14T12:00:00.000000
T000325,C0038,Client 38,Bond,4822.69,2020-01-14T13:00:00.000000
T000326,C0041,Client 41,Bond,19460.95,2020-01-14T14:00:00.000000
T000327,C0098,Client 98,Bond,12145.34,2020-01-14T15:00:00.000000
T000328,C0095,Client 95,Equity,4638.97,2020-01-14T16:00:00.000000
T000330,C0081,Client 81,Bond,12367.41,2020-01-14T18:00:00.000000
T000331,C0039,Client 39,Bond,6515.18,2020-01-14T19:00:00.000000
T000332,C0068,Client 68,Equity,14038.43,2020-01-14T20:00:00.000000
T000333,C0070,Client 70,Commodity,8930.49,2020-01-14T21:00:00.000000
T000334,C0085,Client 85,Bond,6852.54,2020-01-14T22:00:00.000000
T000335,C0085,Client 85,Bond,15656.01,2020-01-14T23:00:00.000000
T000336,C0068,Client 68,Equity,3229.88,2020-01-15T00:00:00.000000
T000337,C0040,Client 40,Bond,8039.17,2020-01-15T01:00:00.000000
T000338,C0046,Client 46,Commodity,16841.56,2020-01-15T02:00:00.000000
T000339,C0061,Client 61,Bond,14655.07,2020-01-15T03:00:00.000000
T000340,C0064,Client 64,Commodity,1306.52,2020-01-15T04:00:00.000000
T000341,C0002,Client 2,Equity,12958.04,2020-01-15T05:00:00.000000
T000342,C0085,Client 85,Equity,1069.11,2020-01-15T06:00:00.000000
T000343,C0089,Client 89,Equity,14283.95,2020-01-15T07:00:00.000000
T000344,C0032,Client 32,Bond,6826.99,2020-01-15T08:00:00.000000
T000345,C0049,Client 49,Bond,14368.24,2020-01-15T09:00:00.000000
T000346,C0056,Client 56,Commodity,14149.26,2020-01-15T10:00:00.000000
T000347,C0019,Client 19,Commodity,10620.75,2020-01-15T11:00:00.000000
T000348,C0004,Client 4,Commodity,5603.74,2020-01-15T12:00:00.000000
T000349,C0083,Client 83,Bond,11079.76,2020-01-15T13:00:00.000000
T000350,C0065,Client 65,Equity,7948.5,2020-01-15T14:00:00.000000
T000351,C0001,Client 1,Commodity,12225.83,2020-01-15T15:00:00.000000
T000352,C0035,Client 35,Bond,6974.04,2020-01-15T16:00:00.000000
T000354,C0005,Client 5,Bond,12484.96,2020-01-15T18:00:00.000000
T000355,C0026,Client 26,Bond,14908.02,2020-01-15T19:00:00.000000
T000356,C0025,Client 25,Commodity,12675.3,2020-01-15T20:00:00.000000
T000357,C0068,Client 68,Bond,17366.49,2020-01-15T21:00:00.000000
T000359,C0021,Client 21,Equity,12039.14,2020-01-15T23:00:00.000000
T000360,C0020,Client 20,Equity,15684.36,2020-01-16T00:00:00.000000
T000361,C0077,Client 77,Commodity,17974.87,2020-01-16T01:00:00.000000
T000362,C0061,Client 61,Commodity,436.92,2020-01-16T02:00:00.000000
T000363,C0089,Client 89,Bond,16060.6,2020-01-16T03:00:00.000000
T000364,C0011,Client 11,Bond,19383.31,2020-01-16T04:00:00.000000
T000365,C0065,Client 65,Bond,10351.41,2020-01-16T05:00:00.000000
T000366,C0022,Client 22,Bond,6700.74,2020-01-16T06:00:00.000000
T000367,C0078,Client 78,Equity,13630.75,2020-01-16T07:00:00.000000
T000368,C0057,Client 57,Bond,9826.54,2020-01-16T08:00:00.000000
T000369,C0083,Client 83,Bond,8609.77,2020-01-16T09:00:00.000000
T000370,C0073,Client 73,Bond,12568.55,2020-01-16T10:00:00.000000
T000371,C0056,Client 56,Bond,11838.32,2020-01-16T11:00:00.000000
T000372,C0018,Client 18,Commodity,10830.67,2020-01-16T12:00:00.000000
T000373,C0025,Client 25,Bond,20111.12,2020-01-16T13:00:00.000000
T000374,C0026,Client 26,Commodity,9103.88,2020-01-16T14:00:00.000000
T000375,C0096,Client 96,Bond,3120.66,2020-01-16T15:00:00.000000
T000376,C0066,Client 66,Bond,18325.62,2020-01-16T16:00:00.000000
T000377,C0057,Client 57,Commodity,13776.57,2020-01-16T17:00:00.000000
T000378,C0049,Client 49,Equity,16591.06,2020-01-16T18:00:00.000000
T000379,C0003,Client 3,Equity,16982.18,2020-01-16T19:00:00.000000
T000380,C0006,Client 6,Bond,13206.63,2020-01-16T20:00:00.000000
T000381,C0044,Client 44,Bond,13851.88,2020-01-16T21:00:00.000000
T000382,C0084,Client 84,Bond,12476.68,2020-01-16T22:00:00.000000
T000383,C0056,Client 56,Bond,11157.5,2020-01-16T23:00:00.000000
T000384,C0049,Client 49,Bond,12194.55,2020-01-17T00:00:00.000000
T000385,C0078,Client 78,Bond,8562.81,2020-01-17T01:00:00.000000
T000386,C0071,Client 71,Bond,9606.79,2020-01-17T02:00:00.000000
T000387,C0004,Client 4,Commodity,1465.52,2020-01-17T03:00:00.000000
T000388,C0067,Client 67,Bond,17007.86,2020-01-17T04:00:00.000000
T000389,C0043,Client 43,Commodity,10950.1,2020-01-17T05:00:00.000000
T000390,C0059,Client 59,Bond,8179.11,2020-01-17T06:00:00.000000
T000391,C0075,Client 75,Equity,12784.12,2020-01-17T07:00:00.000000
T000392,C0032,Client 32,Commodity,6872.84,2020-01-17T08:00:00.000000
T000393,C0087,Client 87,Equity,8538.35,2020-01-17T09:00:00.000000
T000394,C0096,Client 96,Bond,12861.03,2020-01-17T10:00:00.000000
T000395,C0047,Client 47,Commodity,6174.78,2020-01-17T11:00:00.000000
T000396,C0092,Client 92,Commodity,13799.36,2020-01-17T12:00:00.000000
T000397,C0022,Client 22,Equity,14186.59,2020-01-17T13:00:00.000000
T000398,C0085,Client 85,Bond,13039.12,2020-01-17T14:00:00.000000
T000399,C0013,Client 13,Bond,13839.92,2020-01-17T15:00:00.000000
T000400,C0075,Client 75,Bond,10411.58,2020-01-17T16:00:00.000000
T000401,C0066,Client 66,Commodity,5559.29,2020-01-17T17:00:00.000000
T000402,C0048,Client 48,Bond,8676.98,2020-01-17T18:00:00.000000
T000403,C0022,Client 22,Equity,11116.02,2020-01-17T19:00:00.000000
T000404,C0087,Client 87,Bond,6286.98,2020-01-17T20:00:00.000000
T000405,C0016,Client 16,Bond,10494.97,2020-01-17T21:00:00.000000
T000406,C0072,Client 72,Commodity,2398.46,2020-01-17T22:00:00.000000
T000407,C0026,Client 26,Equity,9935.04,2020-01-17T23:00:00.000000
T000408,C0001,Client 1,Equity,16347.21,2020-01-18T00:00:00.000000
T000409,C0001,Client 1,Bond,11532.0,2020-01-18T01:00:00.000000
T000410,C0022,Client 22,Bond,12701.49,2020-01-18T02:00:00.000000
T000411,C0016,Client 16,Equity,14725.14,2020-01-18T03:00:00.000000
T000412,C0055,Client 55,Equity,8241.03,2020-01-18T04:00:00.000000
T000413,C0041,Client 41,Bond,12881.3,2020-01-18T05:00:00.000000
T000414,C0094,Client 94,Bond,23348.57,2020-01-18T06:00:00.000000
T000415,C0028,Client 28,Equity,9843.37,2020-01-18T07:00:00.000000
T000416,C0006,Client 6,Bond,5845.27,2020-01-18T08:00:00.000000
T000417,C0067,Client 67,Equity,17519.86,2020-01-18T09:00:00.000000
T000418,C0034,Client 34,Bond,11788.68,2020-01-18T10:00:00.000000
T000419,C0022,Client 22,Bond,3938.98,2020-01-18T11:00:00.000000
T000420,C0084,Client 84,Bond,7104.71,2020-01-18T12:00:00.000000
T000421,C0024,Client 24,Equity,12719.94,2020-01-18T13:00:00.000000
T000422,C0025,Client 25,Commodity,10635.82,2020-01-18T14:00:00.000000
T000423,C0039,Client 39,Bond,2250.72,2020-01-18T15:00:00.000000
T000424,C0024,Client 24,Equity,9195.19,2020-01-18T16:00:00.000000
T000425,C0068,Client 68,Commodity,10989.25,2020-01-18T17:00:00.000000
T000426,C0076,Client 76,Equity,18764.01,2020-01-18T18:00:00.000000
T000427,C0015,Client 15,Bond,15205.88,2020-01-18T19:00:00.000000
T000428,C0068,Client 68,Bond,11381.45,2020-01-18T20:00:00.000000
T000429,C0012,Client 12,Commodity,12325.99,2020-01-18T21:00:00.000000
T000430,C0050,Client 50,Equity,10665.01,2020-01-18T22:00:00.000000
T000431,C0003,Client 3,Equity,5385.52,2020-01-18T23:00:00.000000
T000432,C0056,Client 56,Bond,14765.56,2020-01-19T00:00:00.000000
T000433,C0083,Client 83,Bond,8935.4,2020-01-19T01:00:00.000000
T000434,C0000,Client 0,Equity,15765.25,2020-01-19T02:00:00.000000
T000435,C0072,Client 72,Bond,6325.63,2020-01-19T03:00:00.000000
T000437,C0043,Client 43,Equity,8558.72,2020-01-19T05:00:00.000000
T000438,C0038,Client 38,Equity,15301.91,2020-01-19T06:00:00.000000
T000439,C0085,Client 85,Bond,8572.79,2020-01-19T07:00:00.000000
T000440,C0011,Client 11,Commodity,16049.37,2020-01-19T08:00:00.000000
T000441,C0047,Client 47,Bond,18282.55,2020-01-19T09:00:00.000000
T000442,C0051,Client 51,Equity,5408.81,2020-01-19T10:00:00.000000
T000443,C0076,Client 76,Bond,5732.68,2020-01-19T11:00:00.000000
T000444,C0054,Client 54,Equity,4039.26,2020-01-19T12:00:00.000000
T000445,C0061,Client 61,Equity,3006.14,2020-01-19T13:00:00.000000
T000446,C0060,Client 60,Bond,10552.43,2020-01-19T14:00:00.000000
T000447,C0020,Client 20,Commodity,5039.02,2020-01-19T15:00:00.000000
T000448,C0041,Client 41,Equity,17720.81,2020-01-19T16:00:00.000000
T000449,C0083,Client 83,Equity,13176.72,2020-01-19T17:00:00.000000
T000450,C0086,Client 86,Equity,14330.83,2020-01-19T18:00:00.000000
T000451,C0049,Client 49,Bond,8325.95,2020-01-19T19:00:00.000000
T000452,C0015,Client 15,Commodity,12486.79,2020-01-19T20:00:00.000000
T000453,C0043,Client 43,Bond,14402.41,2020-01-19T21:00:00.000000
T000454,C0095,Client 95,Bond,4289.48,2020-01-19T22:00:00.000000
T000455,C0025,Client 25,Bond,18940.89,2020-01-19T23:00:00.000000
T000456,C0083,Client 83,Equity,5835.23,2020-01-20T00:00:00.000000
T000457,C0018,Client 18,Bond,11378.82,2020-01-20T01:00:00.000000
T000458,C0034,Client 34,Bond,6802.31,2020-01-20T02:00:00.000000
T000459,C0075,Client 75,Bond,8545.81,2020-01-20T03:00:00.000000
T000460,C0032,Client 32,Bond,8473.36,2020-01-20T04:00:00.000000
T000461,C0043,Client 43,Commodity,12635.05,2020-01-20T05:00:00.000000
T000462,C0033,Client 33,Commodity,9997.51,2020-01-20T06:00:00.000000
T000463,C0035,Client 35,Commodity,5529.74,2020-01-20T07:00:00.000000
T000464,C0093,Client 93,Bond,3073.49,2020-01-20T08:00:00.000000
T000465,C0067,Client 67,Bond,3249.8,2020-01-20T09:00:00.000000
T000466,C0088,Client 88,Equity,12007.18,2020-01-20T10:00:00.000000
T000467,C0055,Client 55,Commodity,13324.31,2020-01-20T11:00:00.000000
T000468,C0074,Client 74,Bond,5548.67,2020-01-20T12:00:00.000000
T000469,C0062,Client 62,Equity,5458.8,2020-01-20T13:00:00.000000
T000470,C0056,Client 56,Commodity,9612.86,2020-01-20T14:00:00.000000
T000471,C0097,Client 97,Commodity,5514.59,2020-01-20T15:00:00.000000
T000472,C0024,Client 24,Bond,9247.91,2020-01-20T16:00:00.000000
T000473,C0021,Client 21,Bond,3600.1,2020-01-20T17:00:00.000000
T000474,C0095,Client 95,Bond,17382.71,2020-01-20T18:00:00.000000
T000475,C0064,Client 64,Commodity,16606.95,2020-01-20T19:00:00.000000
T000476,C0027,Client 27,Bond,21943.24,2020-01-20T20:00:00.000000
T000477,C0049,Client 49,Bond,13857.01,2020-01-20T21:00:00.000000
T000478,C0057,Client 57,Bond,11811.9,2020-01-20T22:00:00.000000
T000479,C0054,Client 54,Equity,12124.07,2020-01-20T23:00:00.000000
T000480,C0057,Client 57,Equity,16927.9,2020-01-21T00:00:00.000000
T000481,C0054,Client 54,Bond,8090.15,2020-01-21T01:00:00.000000
T000482,C0074,Client 74,Bond,1760.71,2020-01-21T02:00:00.000000
T000483,C0009,Client 9,Equity,7319.38,2020-01-21T03:00:00.000000
T000484,C0006,Client 6,Commodity,5111.54,2020-01-21T04:00:00.000000
T000485,C0054,Client 54,Equity,11242.72,2020-01-21T05:00:00.000000
T000486,C0098,Client 98,Bond,14510.98,2020-01-21T06:00:00.000000
T000487,C0001,Client 1,Equity,1947.83,2020-01-21T07:00:00.000000
T000488,C0027,Client 27,Bond,15635.38,2020-01-21T08:00:00.000000
T000489,C0036,Client 36,Bond,5946.23,2020-01-21T09:00:00.000000
T000490,C0066,Client 66,Bond,11888.2,2020-01-21T10:00:00.000000
T000491,C0010,Client 10,Commodity,3511.04,2020-01-21T11:00:00.000000
T000492,C0059,Client 59,Bond,10262.2,2020-01-21T12:00:00.000000
T000493,C0095,Client 95,Bond,9469.06,2020-01-21T13:00:00.000000
T000494,C0005,Client 5,Bond,12223.64,2020-01-21T14:00:00.000000
T000495,C0078,Client 78,Commodity,13498.87,2020-01-21T15:00:00.000000
T000496,C0016,Client 16,Equity,4600.36,2020-01-21T16:00:00.000000
T000497,C0096,Client 96,Bond,5036.08,2020-01-21T17:00:00.000000
T000498,C0022,Client 22,Bond,12082.13,2020-01-21T18:00:00.000000
T000499,C0010,Client 10,Commodity,8236.46,2020-01-21T19:00:00.000000
T000501,C0052,Client 52,Bond,15528.29,2020-01-21T21:00:00.000000
T000502,C0084,Client 84,Commodity,11463.87,2020-01-21T22:00:00.000000
T000503,C0075,Client 75,Commodity,11279.17,2020-01-21T23:00:00.000000
T000504,C0076,Client 76,Bond,16587.39,2020-01-22T00:00:00.000000
T000505,C0057,Client 57,Equity,8186.48,2020-01-22T01:00:00.000000
T000506,C0021,Client 21,Commodity,17911.28,2020-01-22T02:00:00.000000
T000507,C0081,Client 81,Bond,10219.83,2020-01-22T03:00:00.000000
T000508,C0078,Client 78,Bond,18091.17,2020-01-22T04:00:00.000000
T000509,C0078,Client 78,Commodity,8037.06,2020-01-22T05:00:00.000000
T000510,C0089,Client 89,Bond,10838.12,2020-01-22T06:00:00.000000
T000511,C0037,Client 37,Bond,17574.1,2020-01-22T07:00:00.000000
T000512,C0014,Client 14,Equity,16149.71,2020-01-22T08:00:00.000000
T000514,C0019,Client 19,Bond,15968.99,2020-01-22T10:00:00.000000
T000515,C0020,Client 20,Equity,5614.11,2020-01-22T11:00:00.000000
T000516,C0093,Client 93,Commodity,14494.86,2020-01-22T12:00:00.000000
T000517,C0066,Client 66,Bond,13228.43,2020-01-22T13:00:00.000000
T000518,C0091,Client 91,Equity,13677.03,2020-01-22T14:00:00.000000
T000519,C0008,Client 8,Equity,6471.24,2020-01-22T15:00:00.000000
T000520,C0005,Client 5,Bond,10106.25,2020-01-22T16:00:00.000000
T000521,C0015,Client 15,Bond,15903.55,2020-01-22T17:00:00.000000
T000522,C0057,Client 57,Commodity,1402.09,2020-01-22T18:00:00.000000
T000523,C0079,Client 79,Bond,2691.38,2020-01-22T19:00:00.000000
T000524,C0015,Client 15,Equity,11208.96,2020-01-22T20:00:00.000000
T000525,C0002,Client 2,Bond,9751.52,2020-01-22T21:00:00.000000
T000526,C0083,Client 83,Bond,10461.59,2020-01-22T22:00:00.000000
T000527,C0082,Client 82,Commodity,9703.45,2020-01-22T23:00:00.000000
T000528,C0053,Client 53,Equity,16873.86,2020-01-23T00:00:00.000000
T000529,C0032,Client 32,Bond,17532.55,2020-01-23T01:00:00.000000
T000530,C0082,Client 82,Bond,8850.74,2020-01-23T02:00:00.000000
T000531,C0019,Client 19,Bond,7488.26,2020-01-23T03:00:00.000000
T000532,C0085,Client 85,Commodity,14952.01,2020-01-23T04:00:00.000000
T000533,C0068,Client 68,Bond,6661.14,2020-01-23T05:00:00.000000
T000534,C0093,Client 93,Bond,14808.08,2020-01-23T06:00:00.000000
T000535,C0046,Client 46,Bond,12294.73,2020-01-23T07:00:00.000000
T000536,C0084,Client 84,Commodity,10749.43,2020-01-23T08:00:00.000000
T000537,C0090,Client 90,Equity,12068.26,2020-01-23T09:00:00.000000
T000538,C0089,Client 89,Equity,12186.93,2020-01-23T10:00:00.000000
T000539,C0070,Client 70,Equity,6598.84,2020-01-23T11:00:00.000000
T000540,C0052,Client 52,Bond,5530.29,2020-01-23T12:00:00.000000
T000541,C0040,Client 40,Bond,977.17,2020-01-23T13:00:00.000000
T000542,C0057,Client 57,Bond,15943.97,2020-01-23T14:00:00.000000
T000543,C0051,Client 51,Bond,1983.44,2020-01-23T15:00:00.000000
T000544,C0068,Client 68,Equity,8910.25,2020-01-23T16:00:00.000000
T000545,C0063,Client 63,Bond,5046.39,2020-01-23T17:00:00.000000
T000546,C0065,Client 65,Commodity,9330.79,2020-01-23T18:00:00.000000
T000547,C0017,Client 17,Equity,16862.33,2020-01-23T19:00:00.000000
T000548,C0014,Client 14,Bond,9255.15,2020-01-23T20:00:00.000000
T000549,C0061,Client 61,Equity,14505.63,2020-01-23T21:00:00.000000
T000550,C0083,Client 83,Bond,9199.14,2020-01-23T22:00:00.000000
T000551,C0036,Client 36,Bond,19409.74,2020-01-23T23:00:00.000000
T000552,C0061,Client 61,Equity,4943.67,2020-01-24T00:00:00.000000
T000553,C0092,Client 92,Commodity,8675.67,2020-01-24T01:00:00.000000
T000554,C0020,Client 20,Commodity,7446.47,2020-01-24T02:00:00.000000
T000555,C0029,Client 29,Bond,17125.8,2020-01-24T03:00:00.000000
T000556,C0032,Client 32,Equity,13913.28,2020-01-24T04:00:00.000000
T000557,C0088,Client 88,Bond,9454.14,2020-01-24T05:00:00.000000
T000558,C0031,Client 31,Bond,14498.05,2020-01-24T06:00:00.000000
T000559,C0041,Client 41,Bond,8903.04,2020-01-24T07:00:00.000000
T000560,C0096,Client 96,Bond,5819.75,2020-01-24T08:00:00.000000
T000561,C0000,Client 0,Equity,4603.92,2020-01-24T09:00:00.000000
T000562,C0074,Client 74,Equity,11153.11,2020-01-24T10:00:00.000000
T000563,C0066,Client 66,Commodity,4990.21,2020-01-24T11:00:00.000000
T000564,C0060,Client 60,Equity,13837.97,2020-01-24T12:00:00.000000
T000565,C0035,Client 35,Bond,17401.09,2020-01-24T13:00:00.000000
T000566,C0019,Client 19,Bond,13175.46,2020-01-24T14:00:00.000000
T000567,C0000,Client 0,Equity,4366.0,2020-01-24T15:00:00.000000
T000568,C0016,Client 16,Commodity,7826.48,2020-01-24T16:00:00.000000
T000569,C0027,Client 27,Equity,15264.97,2020-01-24T17:00:00.000000
T000570,C0099,Client 99,Equity,3972.15,2020-01-24T18:00:00.000000
T000571,C0078,Client 78,Equity,9338.97,2020-01-24T19:00:00.000000
T000572,C0033,Client 33,Bond,11014.91,2020-01-24T20:00:00.000000
T000573,C0037,Client 37,Commodity,12279.14,2020-01-24T21:00:00.000000
T000574,C0092,Client 92,Equity,18010.09,2020-01-24T22:00:00.000000
T000575,C0056,Client 56,Equity,10820.72,2020-01-24T23:00:00.000000
T000576,C0028,Client 28,Bond,15868.67,2020-01-25T00:00:00.000000
T000577,C0072,Client 72,Bond,1715.7,2020-01-25T01:00:00.000000
T000578,C0056,Client 56,Bond,7270.25,2020-01-25T02:00:00.000000
T000579,C0034,Client 34,Equity,8730.66,2020-01-25T03:00:00.000000
T000580,C0056,Client 56,Bond,17311.08,2020-01-25T04:00:00.000000
T000581,C0040,Client 40,Equity,11595.43,2020-01-25T05:00:00.000000
T000582,C0080,Client 80,Commodity,9406.36,2020-01-25T06:00:00.000000
T000583,C0020,Client 20,Bond,9352.91,2020-01-25T07:00:00.000000
T000584,C0038,Client 38,Commodity,4529.49,2020-01-25T08:00:00.000000
T000585,C0069,Client 69,Bond,2645.34,2020-01-25T09:00:00.000000
T000586,C0012,Client 12,Bond,13929.14,2020-01-25T10:00:00.000000
T000587,C0036,Client 36,Equity,7041.35,2020-01-25T11:00:00.000000
T000588,C0066,Client 66,Equity,13812.03,2020-01-25T12:00:00.000000
T000589,C0013,Client 13,Bond,11690.97,2020-01-25T13:00:00.000000
T000590,C0051,Client 51,Commodity,12258.01,2020-01-25T14:00:00.000000
T000592,C0091,Client 91,Equity,15288.29,2020-01-25T16:00:00.000000
T000593,C0059,Client 59,Equity,13755.01,2020-01-25T17:00:00.000000
T000594,C0010,Client 10,Bond,13996.63,2020-01-25T18:00:00.000000
T000595,C0056,Client 56,Bond,13561.5,2020-01-25T19:00:00.000000
T000596,C0004,Client 4,Commodity,13153.32,2020-01-25T20:00:00.000000
T000597,C0073,Client 73,Commodity,13295.55,2020-01-25T21:00:00.000000
T000598,C0081,Client 81,Equity,11673.67,2020-01-25T22:00:00.000000
T000599,C0068,Client 68,Bond,6229.95,2020-01-25T23:00:00.000000
T000600,C0020,Client 20,Bond,16871.09,2020-01-26T00:00:00.000000
T000601,C0067,Client 67,Bond,6857.9,2020-01-26T01:00:00.000000
T000602,C0052,Client 52,Bond,8775.58,2020-01-26T02:00:00.000000
T000603,C0029,Client 29,Commodity,11944.58,2020-01-26T03:00:00.000000
T000604,C0055,Client 55,Commodity,7727.83,2020-01-26T04:00:00.000000
T000605,C0076,Client 76,Equity,17576.65,2020-01-26T05:00:00.000000
T000606,C0036,Client 36,Equity,10090.58,2020-01-26T06:00:00.000000
T000607,C0076,Client 76,Bond,242.13,2020-01-26T07:00:00.000000
T000608,C0003,Client 3,Bond,10439.81,2020-01-26T08:00:00.000000
T000609,C0091,Client 91,Bond,18096.41,2020-01-26T09:00:00.000000
T000610,C0006,Client 6,Bond,11046.73,2020-01-26T10:00:00.000000
T000611,C0087,Client 87,Commodity,10491.41,2020-01-26T11:00:00.000000
T000612,C0011,Client 11,Equity,13699.86,2020-01-26T12:00:00.000000
T000613,C0013,Client 13,Bond,10424.1,2020-01-26T13:00:00.000000
T000614,C0068,Client 68,Bond,4142.18,2020-01-26T14:00:00.000000
T000615,C0056,Client 56,Equity,6629.35,2020-01-26T15:00:00.000000
T000616,C0059,Client 59,Equity,10410.84,2020-01-26T16:00:00.000000
T000617,C0007,Client 7,Equity,11115.19,2020-01-26T17:00:00.000000
T000618,C0049,Client 49,Equity,5788.25,2020-01-26T18:00:00.000000
T000619,C0092,Client 92,Bond,7426.92,2020-01-26T19:00:00.000000
T000620,C0087,Client 87,Commodity,9158.16,2020-01-26T20:00:00.000000
T000621,C0079,Client 79,Commodity,8175.59,2020-01-26T21:00:00.000000
T000622,C0062,Client 62,Commodity,15441.63,2020-01-26T22:00:00.000000
T000623,C0021,Client 21,Bond,2976.92,2020-01-26T23:00:00.000000
T000624,C0098,Client 98,Commodity,19133.72,2020-01-27T00:00:00.000000
T000626,C0033,Client 33,Commodity,3248.38,2020-01-27T02:00:00.000000
T000627,C0020,Client 20,Commodity,15128.42,2020-01-27T03:00:00.000000
T000628,C0072,Client 72,Equity,11281.4,2020-01-27T04:00:00.000000
T000629,C0087,Client 87,Equity,6410.69,2020-01-27T05:00:00.000000
T000630,C0043,Client 43,Bond,6101.76,2020-01-27T06:00:00.000000
T000631,C0004,Client 4,Commodity,8864.63,2020-01-27T07:00:00.000000
T000632,C0055,Client 55,Bond,10609.68,2020-01-27T08:00:00.000000
T000633,C0000,Client 0,Bond,7228.22,2020-01-27T09:00:00.000000
T000634,C0043,Client 43,Commodity,5099.6,2020-01-27T10:00:00.000000
T000635,C0074,Client 74,Equity,10312.35,2020-01-27T11:00:00.000000
T000636,C0015,Client 15,Bond,6348.69,2020-01-27T12:00:00.000000
T000637,C0071,Client 71,Bond,8510.19,2020-01-27T13:00:00.000000
T000638,C0038,Client 38,Commodity,7152.97,2020-01-27T14:00:00.000000
T000639,C0014,Client 14,Commodity,17158.39,2020-01-27T15:00:00.000000
T000640,C0033,Client 33,Bond,21808.14,2020-01-27T16:00:00.000000
T000641,C0034,Client 34,Bond,6854.56,2020-01-27T17:00:00.000000
T000642,C0044,Client 44,Commodity,2073.33,2020-01-27T18:00:00.000000
T000643,C0080,Client 80,Commodity,11637.89,2020-01-27T19:00:00.000000
T000644,C0088,Client 88,Commodity,3068.74,2020-01-27T20:00:00.000000
T000645,C0089,Client 89,Equity,8489.27,2020-01-27T21:00:00.000000
T000646,C0087,Client 87,Bond,7578.69,2020-01-27T22:00:00.000000
T000647,C0021,Client 21,Equity,9496.29,2020-01-27T23:00:00.000000
T000648,C0077,Client 77,Equity,6731.77,2020-01-28T00:00:00.000000
T000649,C0078,Client 78,Bond,1579.49,2020-01-28T01:00:00.000000
T000650,C0093,Client 93,Equity,11930.98,2020-01-28T02:00:00.000000
T000651,C0099,Client 99,Equity,7165.39,2020-01-28T03:00:00.000000
T000652,C0031,Client 31,Commodity,5693.77,2020-01-28T04:00:00.000000
T000653,C0020,Client 20,Bond,9069.73,2020-01-28T05:00:00.000000
T000654,C0022,Client 22,Bond,14061.55,2020-01-28T06:00:00.000000
T000655,C0075,Client 75,Bond,6025.75,2020-01-28T07:00:00.000000
T000656,C0036,Client 36,Bond,4257.25,2020-01-28T08:00:00.000000
T000657,C0039,Client 39,Equity,4823.28,2020-01-28T09:00:00.000000
T000658,C0056,Client 56,Bond,8382.71,2020-01-28T10:00:00.000000
T000659,C0048,Client 48,Bond,9788.6,2020-01-28T11:00:00.000000
T000660,C0009,Client 9,Commodity,6135.5,2020-01-28T12:00:00.000000
T000661,C0044,Client 44,Bond,11490.93,2020-01-28T13:00:00.000000
T000662,C0038,Client 38,Equity,14796.24,2020-01-28T14:00:00.000000
T000663,C0036,Client 36,Equity,14997.34,2020-01-28T15:00:00.000000
T000664,C0057,Client 57,Commodity,3795.71,2020-01-28T16:00:00.000000
T000665,C0074,Client 74,Bond,1119.11,2020-01-28T17:00:00.000000
T000666,C0019,Client 19,Bond,10922.66,2020-01-28T18:00:00.000000
T000668,C0096,Client 96,Commodity,15513.17,2020-01-28T20:00:00.000000
T000669,C0028,Client 28,Bond,12634.65,2020-01-28T21:00:00.000000
T000670,C0070,Client 70,Bond,15652.63,2020-01-28T22:00:00.000000
T000671,C0093,Client 93,Equity,11498.18,2020-01-28T23:00:00.000000
T000672,C0070,Client 70,Commodity,13213.35,2020-01-29T00:00:00.000000
T000673,C0077,Client 77,Equity,10436.37,2020-01-29T01:00:00.000000
T000674,C0080,Client 80,Bond,2981.63,2020-01-29T02:00:00.000000
T000675,C0067,Client 67,Bond,17033.07,2020-01-29T03:00:00.000000
T000676,C0081,Client 81,Commodity,9055.15,2020-01-29T04:00:00.000000
T000677,C0011,Client 11,Bond,13832.3,2020-01-29T05:00:00.000000
T000678,C0058,Client 58,Bond,9457.07,2020-01-29T06:00:00.000000
T000679,C0077,Client 77,Bond,13491.71,2020-01-29T07:00:00.000000
T000680,C0084,Client 84,Bond,9661.36,2020-01-29T08:00:00.000000
T000681,C0031,Client 31,Commodity,13978.4,2020-01-29T09:00:00.000000
T000682,C0031,Client 31,Bond,15635.65,2020-01-29T10:00:00.000000
T000683,C0034,Client 34,Bond,7537.99,2020-01-29T11:00:00.000000
T000684,C0079,Client 79,Bond,6133.16,2020-01-29T12:00:00.000000
T000685,C0042,Client 42,Commodity,12937.48,2020-01-29T13:00:00.000000
T000686,C0013,Client 13,Bond,13130.8,2020-01-29T14:00:00.000000
T000687,C0047,Client 47,Bond,14743.67,2020-01-29T15:00:00.000000
T000688,C0059,Client 59,Bond,12799.27,2020-01-29T16:00:00.000000
T000689,C0065,Client 65,Bond,10610.44,2020-01-29T17:00:00.000000
T000690,C0015,Client 15,Bond,10185.24,2020-01-29T18:00:00.000000
T000691,C0090,Client 90,Bond,5473.67,2020-01-29T19:00:00.000000
T000692,C0093,Client 93,Bond,12635.59,2020-01-29T20:00:00.000000
T000693,C0020,Client 20,Equity,15985.17,2020-01-29T21:00:00.000000
T000694,C0074,Client 74,Commodity,11840.4,2020-01-29T22:00:00.000000
T000695,C0085,Client 85,Bond,7597.57,2020-01-29T23:00:00.000000
T000696,C0085,Client 85,Equity,7950.63,2020-01-30T00:00:00.000000
T000697,C0088,Client 88,Bond,10180.82,2020-01-30T01:00:00.000000
T000698,C0089,Client 89,Bond,12226.0,2020-01-30T02:00:00.000000
T000699,C0023,Client 23,Bond,3935.25,2020-01-30T03:00:00.000000
T000700,C0062,Client 62,Bond,4093.99,2020-01-30T04:00:00.000000
T000701,C0026,Client 26,Commodity,7258.57,2020-01-30T05:00:00.000000
T000702,C0009,Client 9,Bond,16447.92,2020-01-30T06:00:00.000000
T000703,C0090,Client 90,Equity,12355.24,2020-01-30T07:00:00.000000
T000704,C0036,Client 36,Bond,26577.92,2020-01-30T08:00:00.000000
T000705,C0092,Client 92,Bond,12318.61,2020-01-30T09:00:00.000000
T000706,C0012,Client 12,Commodity,13718.02,2020-01-30T10:00:00.000000
T000707,C0016,Client 16,Bond,10724.38,2020-01-30T11:00:00.000000
T000708,C0038,Client 38,Bond,12049.36,2020-01-30T12:00:00.000000
T000709,C0066,Client 66,Equity,17419.12,2020-01-30T13:00:00.000000
T000711,C0070,Client 70,Bond,13928.06,2020-01-30T15:00:00.000000
T000712,C0076,Client 76,Commodity,11868.16,2020-01-30T16:00:00.000000
T000713,C0012,Client 12,Bond,11760.54,2020-01-30T17:00:00.000000
T000714,C0086,Client 86,Equity,4017.55,2020-01-30T18:00:00.000000
T000715,C0042,Client 42,Commodity,5709.5,2020-01-30T19:00:00.000000
T000716,C0057,Client 57,Bond,10527.59,2020-01-30T20:00:00.000000
T000717,C0010,Client 10,Equity,6345.14,2020-01-30T21:00:00.000000
T000718,C0057,Client 57,Equity,3460.19,2020-01-30T22:00:00.000000
T000719,C0080,Client 80,Bond,11361.06,2020-01-30T23:00:00.000000
T000720,C0017,Client 17,Equity,7452.23,2020-01-31T00:00:00.000000
T000721,C0049,Client 49,Bond,2587.59,2020-01-31T01:00:00.000000
T000722,C0017,Client 17,Commodity,9598.77,2020-01-31T02:00:00.000000
T000723,C0048,Client 48,Equity,14817.39,2020-01-31T03:00:00.000000
T000724,C0062,Client 62,Commodity,13334.87,2020-01-31T04:00:00.000000
T000725,C0075,Client 75,Bond,6566.8,2020-01-31T05:00:00.000000
T000726,C0063,Client 63,Equity,16205.41,2020-01-31T06:00:00.000000
T000727,C0054,Client 54,Equity,9026.57,2020-01-31T07:00:00.000000
T000728,C0011,Client 11,Commodity,12230.9,2020-01-31T08:00:00.000000
T000729,C0076,Client 76,Bond,8601.15,2020-01-31T09:00:00.000000
T000730,C0082,Client 82,Bond,11609.28,2020-01-31T10:00:00.000000
T000731,C0041,Client 41,Bond,17677.35,2020-01-31T11:00:00.000000
T000733,C0032,Client 32,Bond,9211.36,2020-01-31T13:00:00.000000
T000734,C0091,Client 91,Bond,9221.67,2020-01-31T14:00:00.000000
T000735,C0049,Client 49,Commodity,12837.28,2020-01-31T15:00:00.000000
T000736,C0094,Client 94,Commodity,9800.18,2020-01-31T16:00:00.000000
T000737,C0043,Client 43,Bond,15986.05,2020-01-31T17:00:00.000000
T000738,C0043,Client 43,Equity,7696.52,2020-01-31T18:00:00.000000
T000739,C0091,Client 91,Bond,16534.68,2020-01-31T19:00:00.000000
T000740,C0009,Client 9,Bond,18121.77,2020-01-31T20:00:00.000000
T000741,C0057,Client 57,Bond,9698.45,2020-01-31T21:00:00.000000
T000742,C0095,Client 95,Bond,10135.55,2020-01-31T22:00:00.000000
T000743,C0021,Client 21,Bond,13001.69,2020-01-31T23:00:00.000000
T000744,C0014,Client 14,Bond,13508.52,2020-02-01T00:00:00.000000
T000745,C0030,Client 30,Commodity,9144.82,2020-02-01T01:00:00.000000
T000746,C0003,Client 3,Commodity,7233.19,2020-02-01T02:00:00.000000
T000747,C0050,Client 50,Bond,11267.68,2020-02-01T03:00:00.000000
T000748,C0033,Client 33,Commodity,5137.13,2020-02-01T04:00:00.000000
T000749,C0024,Client 24,Commodity,7114.99,2020-02-01T05:00:00.000000
T000750,C0028,Client 28,Equity,4584.95,2020-02-01T06:00:00.000000
T000751,C0051,Client 51,Equity,13269.57,2020-02-01T07:00:00.000000
T000752,C0016,Client 16,Commodity,10907.21,2020-02-01T08:00:00.000000
T000753,C0064,Client 64,Bond,5143.6,2020-02-01T09:00:00.000000
T000754,C0005,Client 5,Bond,7162.59,2020-02-01T10:00:00.000000
T000755,C0034,Client 34,Equity,8492.82,2020-02-01T11:00:00.000000
T000756,C0080,Client 80,Bond,19099.18,2020-02-01T12:00:00.000000
T000757,C0039,Client 39,Equity,11645.0,2020-02-01T13:00:00.000000
T000758,C0046,Client 46,Bond,16040.57,2020-02-01T14:00:00.000000
T000759,C0058,Client 58,Bond,6025.52,2020-02-01T15:00:00.000000
T000760,C0070,Client 70,Bond,15232.87,2020-02-01T16:00:00.000000
T000761,C0017,Client 17,Equity,8103.76,2020-02-01T17:00:00.000000
T000762,C0076,Client 76,Bond,11228.5,2020-02-01T18:00:00.000000
T000763,C0030,Client 30,Commodity,9588.59,2020-02-01T19:00:00.000000
T000764,C0032,Client 32,Bond,7329.25,2020-02-01T20:00:00.000000
T000765,C0008,Client 8,Commodity,17217.01,2020-02-01T21:00:00.000000
T000766,C0096,Client 96,Bond,16395.76,2020-02-01T22:00:00.000000
T000767,C0072,Client 72,Equity,5808.56,2020-02-01T23:00:00.000000
T000768,C0042,Client 42,Bond,4406.96,2020-02-02T00:00:00.000000
T000770,C0087,Client 87,Equity,11591.91,2020-02-02T02:00:00.000000
T000771,C0007,Client 7,Equity,6558.01,2020-02-02T03:00:00.000000
T000772,C0052,Client 52,Commodity,7181.46,2020-02-02T04:00:00.000000
T000773,C0067,Client 67,Bond,5190.66,2020-02-02T05:00:00.000000
T000774,C0009,Client 9,Commodity,12593.51,2020-02-02T06:00:00.000000
T000775,C0022,Client 22,Equity,12183.84,2020-02-02T07:00:00.000000
T000776,C0076,Client 76,Equity,7067.38,2020-02-02T08:00:00.000000
T000777,C0070,Client 70,Bond,1182.26,2020-02-02T09:00:00.000000
T000778,C0015,Client 15,Bond,10442.9,2020-02-02T10:00:00.000000
T000779,C0064,Client 64,Bond,17784.55,2020-02-02T11:00:00.000000
T000780,C0032,Client 32,Commodity,11069.27,2020-02-02T12:00:00.000000
T000781,C0050,Client 50,Commodity,16881.32,2020-02-02T13:00:00.000000
T000782,C0076,Client 76,Bond,7585.88,2020-02-02T14:00:00.000000
T000783,C0090,Client 90,Bond,5417.58,2020-02-02T15:00:00.000000
T000784,C0062,Client 62,Bond,16347.27,2020-02-02T16:00:00.000000
T000785,C0072,Client 72,Bond,11981.85,2020-02-02T17:00:00.000000
T000786,C0057,Client 57,Equity,16423.73,2020-02-02T18:00:00.000000
T000787,C0038,Client 38,Commodity,3871.97,2020-02-02T19:00:00.000000
T000788,C0007,Client 7,Equity,4587.87,2020-02-02T20:00:00.000000
T000789,C0035,Client 35,Equity,11794.8,2020-02-02T21:00:00.000000
T000790,C0009,Client 9,Bond,9350.12,2020-02-02T22:00:00.000000
T000791,C0073,Client 73,Equity,8153.98,2020-02-02T23:00:00.000000
T000792,C0084,Client 84,Equity,17103.1,2020-02-03T00:00:00.000000
T000793,C0076,Client 76,Commodity,8590.48,2020-02-03T01:00:00.000000
T000794,C0059,Client 59,Equity,9634.33,2020-02-03T02:00:00.000000
T000795,C0003,Client 3,Bond,7526.93,2020-02-03T03:00:00.000000
T000796,C0034,Client 34,Commodity,16236.73,2020-02-03T04:00:00.000000
T000797,C0073,Client 73,Bond,13255.45,2020-02-03T05:00:00.000000
T000798,C0044,Client 44,Bond,10904.64,2020-02-03T06:00:00.000000
T000799,C0015,Client 15,Commodity,11702.15,2020-02-03T07:00:00.000000
T000800,C0006,Client 6,Commodity,6013.6,2020-02-03T08:00:00.000000
T000801,C0067,Client 67,Bond,4092.42,2020-02-03T09:00:00.000000
T000802,C0054,Client 54,Equity,22823.06,2020-02-03T10:00:00.000000
T000803,C0032,Client 32,Bond,13248.8,2020-02-03T11:00:00.000000
T000804,C0050,Client 50,Equity,11017.3,2020-02-03T12:00:00.000000
T000805,C0085,Client 85,Bond,4531.42,2020-02-03T13:00:00.000000
T000806,C0007,Client 7,Equity,6779.27,2020-02-03T14:00:00.000000
T000807,C0056,Client 56,Commodity,9489.99,2020-02-03T15:00:00.000000
T000808,C0036,Client 36,Equity,10928.44,2020-02-03T16:00:00.000000
T000809,C0097,Client 97,Commodity,3589.84,2020-02-03T17:00:00.000000
T000810,C0048,Client 48,Bond,4504.0,2020-02-03T18:00:00.000000
T000811,C0043,Client 43,Commodity,12416.56,2020-02-03T19:00:00.000000
T000812,C0091,Client 91,Equity,8168.3,2020-02-03T20:00:00.000000
T000813,C0000,Client 0,Bond,11448.22,2020-02-03T21:00:00.000000
T000814,C0017,Client 17,Equity,5061.34,2020-02-03T22:00:00.000000
T000815,C0052,Client 52,Bond,7278.84,2020-02-03T23:00:00.000000
T000816,C0033,Client 33,Bond,13656.38,2020-02-04T00:00:00.000000
T000817,C0018,Client 18,Commodity,15095.54,2020-02-04T01:00:00.000000
T000818,C0047,Client 47,Commodity,9654.35,2020-02-04T02:00:00.000000
T000819,C0035,Client 35,Bond,7012.89,2020-02-04T03:00:00.000000
T000820,C0095,Client 95,Equity,10224.01,2020-02-04T04:00:00.000000
T000821,C0082,Client 82,Commodity,12095.31,2020-02-04T05:00:00.000000
T000822,C0090,Client 90,Bond,8496.17,2020-02-04T06:00:00.000000
T000823,C0049,Client 49,Commodity,3163.96,2020-02-04T07:00:00.000000
T000824,C0089,Client 89,Bond,15858.95,2020-02-04T08:00:00.000000
T000825,C0094,Client 94,Equity,6740.35,2020-02-04T09:00:00.000000
T000826,C0000,Client 0,Bond,8188.44,2020-02-04T10:00:00.000000
T000827,C0042,Client 42,Bond,3721.2,2020-02-04T11:00:00.000000
T000828,C0083,Client 83,Bond,4523.48,2020-02-04T12:00:00.000000
T000829,C0059,Client 59,Bond,13131.39,2020-02-04T13:00:00.000000
T000830,C0020,Client 20,Commodity,7505.59,2020-02-04T14:00:00.000000
T000831,C0010,Client 10,Commodity,9264.37,2020-02-04T15:00:00.000000
T000832,C0062,Client 62,Equity,17402.27,2020-02-04T16:00:00.000000
T000833,C0027,Client 27,Bond,6976.65,2020-02-04T17:00:00.000000
T000834,C0002,Client 2,Commodity,8592.59,2020-02-04T18:00:00.000000
T000835,C0004,Client 4,Bond,5613.59,2020-02-04T19:00:00.000000
T000836,C0005,Client 5,Equity,5302.23,2020-02-04T20:00:00.000000
T000837,C0017,Client 17,Equity,7746.78,2020-02-04T21:00:00.000000
T000838,C0070,Client 70,Bond,7470.7,2020-02-04T22:00:00.000000
T000839,C0005,Client 5,Bond,16576.23,2020-02-04T23:00:00.000000
T000840,C0023,Client 23,Commodity,9186.5,2020-02-05T00:00:00.000000
T000841,C0036,Client 36,Commodity,6356.24,2020-02-05T01:00:00.000000
T000842,C0078,Client 78,Equity,5333.21,2020-02-05T02:00:00.000000
T000843,C0043,Client 43,Equity,12489.0,2020-02-05T03:00:00.000000
T000844,C0024,Client 24,Bond,9606.86,2020-02-05T04:00:00.000000
T000845,C0043,Client 43,Equity,9371.53,2020-02-05T05:00:00.000000
T000846,C0013,Client 13,Bond,8421.88,2020-02-05T06:00:00.000000
T000847,C0073,Client 73,Bond,12809.46,2020-02-05T07:00:00.000000
T000848,C0078,Client 78,Commodity,12183.8,2020-02-05T08:00:00.000000
T000849,C0004,Client 4,Commodity,18162.81,2020-02-05T09:00:00.000000
T000850,C0048,Client 48,Equity,8645.26,2020-02-05T10:00:00.000000
T000851,C0012,Client 12,Bond,8388.62,2020-02-05T11:00:00.000000
T000852,C0095,Client 95,Commodity,11218.17,2020-02-05T12:00:00.000000
T000853,C0094,Client 94,Equity,3968.7,2020-02-05T13:00:00.000000
T000854,C0039,Client 39,Bond,8385.01,2020-02-05T14:00:00.000000
T000855,C0075,Client 75,Commodity,8552.27,2020-02-05T15:00:00.000000
T000856,C0096,Client 96,Equity,18891.19,2020-02-05T16:00:00.000000
T000857,C0077,Client 77,Bond,16020.12,2020-02-05T17:00:00.000000
T000858,C0093,Client 93,Commodity,17519.12,2020-02-05T18:00:00.000000
T000859,C0074,Client 74,Equity,10323.38,2020-02-05T19:00:00.000000
T000860,C0006,Client 6,Equity,11449.22,2020-02-05T20:00:00.000000
T000861,C0052,Client 52,Bond,13069.18,2020-02-05T21:00:00.000000
T000862,C0095,Client 95,Commodity,12770.72,2020-02-05T22:00:00.000000
T000864,C0060,Client 60,Commodity,4604.67,2020-02-06T00:00:00.000000
T000865,C0072,Client 72,Commodity,13675.36,2020-02-06T01:00:00.000000
T000866,C0062,Client 62,Commodity,7605.43,2020-02-06T02:00:00.000000
T000867,C0031,Client 31,Bond,4706.57,2020-02-06T03:00:00.000000
T000868,C0084,Client 84,Bond,1928.79,2020-02-06T04:00:00.000000
T000869,C0077,Client 77,Equity,11551.89,2020-02-06T05:00:00.000000
T000870,C0068,Client 68,Commodity,15329.98,2020-02-06T06:00:00.000000
T000871,C0051,Client 51,Bond,19715.63,2020-02-06T07:00:00.000000
T000872,C0099,Client 99,Commodity,14995.29,2020-02-06T08:00:00.000000
T000873,C0010,Client 10,Bond,3468.02,2020-02-06T09:00:00.000000
T000874,C0076,Client 76,Commodity,5552.66,2020-02-06T10:00:00.000000
T000875,C0011,Client 11,Commodity,11824.66,2020-02-06T11:00:00.000000
T000876,C0027,Client 27,Bond,3307.75,2020-02-06T12:00:00.000000
T000877,C0070,Client 70,Commodity,14340.21,2020-02-06T13:00:00.000000
T000878,C0057,Client 57,Commodity,7525.49,2020-02-06T14:00:00.000000
T000879,C0049,Client 49,Equity,12579.03,2020-02-06T15:00:00.000000
T000880,C0089,Client 89,Bond,6574.47,2020-02-06T16:00:00.000000
T000881,C0089,Client 89,Bond,2295.48,2020-02-06T17:00:00.000000
T000882,C0005,Client 5,Commodity,9777.29,2020-02-06T18:00:00.000000
T000883,C0045,Client 45,Bond,9454.69,2020-02-06T19:00:00.000000
T000884,C0083,Client 83,Bond,12003.14,2020-02-06T20:00:00.000000
T000885,C0089,Client 89,Bond,9824.43,2020-02-06T21:00:00.000000
T000886,C0078,Client 78,Bond,8821.62,2020-02-06T22:00:00.000000
T000887,C0097,Client 97,Bond,3968.87,2020-02-06T23:00:00.000000
T000888,C0039,Client 39,Commodity,873.84,2020-02-07T00:00:00.000000
T000889,C0061,Client 61,Bond,8398.98,2020-02-07T01:00:00.000000
T000890,C0053,Client 53,Commodity,490.14,2020-02-07T02:00:00.000000
T000891,C0023,Client 23,Bond,7990.26,2020-02-07T03:00:00.000000
T000892,C0054,Client 54,Commodity,10929.92,2020-02-07T04:00:00.000000
T000893,C0007,Client 7,Bond,9991.02,2020-02-07T05:00:00.000000
T000894,C0032,Client 32,Equity,16023.06,2020-02-07T06:00:00.000000
T000895,C0080,Client 80,Bond,21940.25,2020-02-07T07:00:00.000000
T000896,C0024,Client 24,Equity,12266.9,2020-02-07T08:00:00.000000
T000899,C0049,Client 49,Commodity,13219.72,2020-02-07T11:00:00.000000
T000900,C0051,Client 51,Bond,7095.42,2020-02-07T12:00:00.000000
T000901,C0042,Client 42,Commodity,12698.63,2020-02-07T13:00:00.000000
T000902,C0002,Client 2,Bond,10249.32,2020-02-07T14:00:00.000000
T000903,C0029,Client 29,Bond,17315.11,2020-02-07T15:00:00.000000
T000904,C0064,Client 64,Bond,3150.83,2020-02-07T16:00:00.000000
T000905,C0045,Client 45,Bond,10336.06,2020-02-07T17:00:00.000000
T000907,C0074,Client 74,Bond,6555.68,2020-02-07T19:00:00.000000
T000908,C0022,Client 22,Equity,5824.33,2020-02-07T20:00:00.000000
T000909,C0086,Client 86,Commodity,6061.05,2020-02-07T21:00:00.000000
T000910,C0062,Client 62,Bond,5815.61,2020-02-07T22:00:00.000000
T000911,C0097,Client 97,Bond,8631.73,2020-02-07T23:00:00.000000
T000912,C0082,Client 82,Equity,9815.65,2020-02-08T00:00:00.000000
T000914,C0097,Client 97,Commodity,8908.05,2020-02-08T02:00:00.000000
T000915,C0057,Client 57,Commodity,10416.21,2020-02-08T03:00:00.000000
T000916,C0089,Client 89,Equity,11029.69,2020-02-08T04:00:00.000000
T000917,C0083,Client 83,Bond,6086.06,2020-02-08T05:00:00.000000
T000918,C0001,Client 1,Commodity,4425.48,2020-02-08T06:00:00.000000
T000919,C0050,Client 50,Equity,14456.44,2020-02-08T07:00:00.000000
T000920,C0044,Client 44,Equity,5772.51,2020-02-08T08:00:00.000000
T000921,C0009,Client 9,Commodity,9388.54,2020-02-08T09:00:00.000000
T000922,C0095,Client 95,Equity,19955.22,2020-02-08T10:00:00.000000
T000923,C0068,Client 68,Bond,12126.67,2020-02-08T11:00:00.000000
T000924,C0096,Client 96,Bond,11756.79,2020-02-08T12:00:00.000000
T000925,C0077,Client 77,Bond,12718.04,2020-02-08T13:00:00.000000
T000926,C0081,Client 81,Equity,5664.51,2020-02-08T14:00:00.000000
T000927,C0012,Client 12,Equity,2611.95,2020-02-08T15:00:00.000000
T000928,C0024,Client 24,Equity,16013.15,2020-02-08T16:00:00.000000
T000929,C0015,Client 15,Bond,13785.06,2020-02-08T17:00:00.000000
T000930,C0096,Client 96,Bond,12743.38,2020-02-08T18:00:00.000000
T000931,C0049,Client 49,Bond,18832.55,2020-02-08T19:00:00.000000
T000932,C0049,Client 49,Bond,12551.9,2020-02-08T20:00:00.000000
T000933,C0014,Client 14,Bond,6245.83,2020-02-08T21:00:00.000000
T000934,C0090,Client 90,Bond,3648.67,2020-02-08T22:00:00.000000
T000935,C0030,Client 30,Bond,3083.71,2020-02-08T23:00:00.000000
T000936,C0053,Client 53,Commodity,12657.87,2020-02-09T00:00:00.000000
T000937,C0080,Client 80,Bond,12103.16,2020-02-09T01:00:00.000000
T000938,C0074,Client 74,Equity,4143.94,2020-02-09T02:00:00.000000
T000939,C0072,Client 72,Equity,7280.96,2020-02-09T03:00:00.000000
T000940,C0072,Client 72,Bond,7854.69,2020-02-09T04:00:00.000000
T000941,C0031,Client 31,Bond,6399.5,2020-02-09T05:00:00.000000
T000942,C0095,Client 95,Commodity,11040.11,2020-02-09T06:00:00.000000
T000943,C0074,Client 74,Bond,8065.81,2020-02-09T07:00:00.000000
T000944,C0048,Client 48,Equity,15295.29,2020-02-09T08:00:00.000000
T000945,C0028,Client 28,Commodity,8476.71,2020-02-09T09:00:00.000000
T000946,C0068,Client 68,Commodity,3699.27,2020-02-09T10:00:00.000000
T000947,C0036,Client 36,Bond,5669.79,2020-02-09T11:00:00.000000
T000948,C0034,Client 34,Equity,16164.88,2020-02-09T12:00:00.000000
T000949,C0048,Client 48,Bond,12571.99,2020-02-09T13:00:00.000000
T000950,C0077,Client 77,Equity,13369.57,2020-02-09T14:00:00.000000
T000951,C0058,Client 58,Bond,11452.75,2020-02-09T15:00:00.000000
T000952,C0096,Client 96,Commodity,9766.76,2020-02-09T16:00:00.000000
T000953,C0027,Client 27,Equity,11980.4,2020-02-09T17:00:00.000000
T000954,C0084,Client 84,Bond,9861.45,2020-02-09T18:00:00.000000
T000955,C0066,Client 66,Equity,10506.38,2020-02-09T19:00:00.000000
T000956,C0058,Client 58,Bond,13179.83,2020-02-09T20:00:00.000000
T000957,C0081,Client 81,Commodity,8039.12,2020-02-09T21:00:00.000000
T000958,C0071,Client 71,Commodity,5667.52,2020-02-09T22:00:00.000000
T000960,C0043,Client 43,Commodity,12712.61,2020-02-10T00:00:00.000000
T000961,C0074,Client 74,Bond,12653.78,2020-02-10T01:00:00.000000
T000962,C0018,Client 18,Equity,15153.66,2020-02-10T02:00:00.000000
T000963,C0054,Client 54,Equity,9506.37,2020-02-10T03:00:00.000000
T000964,C0000,Client 0,Equity,1459.93,2020-02-10T04:00:00.000000
T000965,C0019,Client 19,Bond,14947.67,2020-02-10T05:00:00.000000
T000966,C0002,Client 2,Commodity,14799.72,2020-02-10T06:00:00.000000
T000967,C0050,Client 50,Equity,2369.75,2020-02-10T07:00:00.000000
T000968,C0025,Client 25,Bond,5809.44,2020-02-10T08:00:00.000000
T000969,C0056,Client 56,Bond,5412.29,2020-02-10T09:00:00.000000
T000970,C0059,Client 59,Commodity,8429.65,2020-02-10T10:00:00.000000
T000971,C0097,Client 97,Bond,5373.22,2020-02-10T11:00:00.000000
T000972,C0050,Client 50,Equity,10197.29,2020-02-10T12:00:00.000000
T000973,C0087,Client 87,Bond,8781.76,2020-02-10T13:00:00.000000
T000974,C0011,Client 11,Bond,14931.67,2020-02-10T14:00:00.000000
T000975,C0056,Client 56,Equity,7942.85,2020-02-10T15:00:00.000000
T000976,C0085,Client 85,Commodity,703.99,2020-02-10T16:00:00.000000
T000977,C0043,Client 43,Bond,16889.79,2020-02-10T17:00:00.000000
T000978,C0006,Client 6,Equity,6285.05,2020-02-10T18:00:00.000000
T000979,C0031,Client 31,Equity,5379.9,2020-02-10T19:00:00.000000
T000980,C0077,Client 77,Equity,16123.24,2020-02-10T20:00:00.000000
T000981,C0037,Client 37,Commodity,10287.74,2020-02-10T21:00:00.000000
T000982,C0062,Client 62,Commodity,10205.08,2020-02-10T22:00:00.000000
T000983,C0082,Client 82,Bond,14596.02,2020-02-10T23:00:00.000000
T000984,C0030,Client 30,Commodity,5720.44,2020-02-11T00:00:00.000000
T000985,C0018,Client 18,Commodity,2895.6,2020-02-11T01:00:00.000000
T000986,C0060,Client 60,Commodity,7530.88,2020-02-11T02:00:00.000000
T000987,C0020,Client 20,Commodity,14560.82,2020-02-11T03:00:00.000000
T000988,C0012,Client 12,Bond,17113.06,2020-02-11T04:00:00.000000
T000989,C0091,Client 91,Bond,15128.64,2020-02-11T05:00:00.000000
T000990,C0079,Client 79,Equity,15285.68,2020-02-11T06:00:00.000000
T000991,C0037,Client 37,Bond,9430.8,2020-02-11T07:00:00.000000
T000992,C0029,Client 29,Bond,8868.42,2020-02-11T08:00:00.000000
T000993,C0022,Client 22,Bond,8091.75,2020-02-11T09:00:00.000000
T000994,C0035,Client 35,Commodity,5568.61,2020-02-11T10:00:00.000000
T000995,C0098,Client 98,Equity,10314.71,2020-02-11T11:00:00.000000
T000996,C0058,Client 58,Bond,11289.4,2020-02-11T12:00:00.000000
T000997,C0057,Client 57,Bond,4144.38,2020-02-11T13:00:00.000000
T000998,C0050,Client 50,Bond,12545.69,2020-02-11T14:00:00.000000
T000999,C0041,Client 41,Commodity,10995.11,2020-02-11T15:00:00.000000
