date,asset1_return,asset2_return,asset3_return,portfolio_return,dollar_change
2020-01-01T00:00:00.000000,-0.0007272858469887674,-0.0016184409437716726,0.00007753576529304464,-0.0008336680535672765,-833.6680535672765
2020-01-02T00:00:00.000000,0.001682135698828815,0.0016617849636208337,-0.002176618332845096,0.0009042796719316384,904.2796719316384
2020-01-03T00:00:00.000000,-0.0006603114618993074,-0.0008468151984364103,0.0006797582671434155,-0.00044824863705189376,-448.24863705189375
2020-01-04T00:00:00.000000,-0.0016449701435919744,-0.0019166478029023367,-0.006427750812713521,-0.0026830295752093922,-2683.029575209392
2020-01-05T00:00:00.000000,0.0026578466252766635,0.00038198043228906704,0.0042924669119769315,0.002302010824720438,2302.010824720438
2020-01-06T00:00:00.000000,0.0005470630430508194,0.0005698203485178854,0.001743292447239129,0.0007931361155286011,793.1361155286011
2020-01-07T00:00:00.000000,0.0002592128155073914,0.00011599658249089942,0.00021808920294162691,0.0002080232230892909,208.0232230892909
2020-01-08T00:00:00.000000,0.0009498347291529088,0.0030238872155900834,0.003024072951836542,0.001986898119620788,1986.898119620788
2020-01-09T00:00:00.000000,0.00011372561406504785,0.0023073416521704137,0.005239423333387731,0.0017969499693611941,1796.949969361194
2020-01-10T00:00:00.000000,-0.002507839956414035,0.002272764915023113,0.0017721101950543914,-0.00021766846468920543,-217.66846468920542
2020-01-11T00:00:00.000000,-0.0008522176928124623,-0.001793895125776099,-0.005684622693994936,-0.0021012019229380476,-2101.2019229380476
2020-01-12T00:00:00.000000,-0.0017833297535702567,0.0008662412734413562,-0.0043877309002071044,-0.0015093386747941425,-1509.3386747941424
2020-01-13T00:00:00.000000,0.002460762271566034,0.0018458840114767034,-0.0009499557330870365,0.0015941551926086208,1594.1551926086208
2020-01-14T00:00:00.000000,-0.003061680244657798,0.0036140058664353445,-0.0004002268493674986,-0.0005266837322717954,-526.6837322717954
2020-01-15T00:00:00.000000,-0.0032405178325130325,-0.002626996570710303,0.0009214770614073691,-0.0022240624751881334,-2224.0624751881332
2020-01-16T00:00:00.000000,-0.0014286875292409728,-0.002257043684361552,-0.002538231439460397,-0.0018991031578210315,-1899.1031578210316
2020-01-17T00:00:00.000000,-0.001675231120334424,-0.0016403852908880444,0.00028430029343123496,-0.0012728710887473784,-1272.8710887473785
2020-01-18T00:00:00.000000,0.0020722473325952735,-0.0030757914486196133,-0.0015336487970599678,-0.00019334352770024077,-193.34352770024077
2020-01-19T00:00:00.000000,0.0024207759244787887,0.001167689956638478,-0.0004475534089758448,0.0014711842674357688,1471.1842674357688
2020-01-20T00:00:00.000000,0.0018792962986647086,0.0006761346768926046,-0.002848483290544666,0.0005727918942912024,572.7918942912024
2020-01-21T00:00:00.000000,-0.0021247512310784457,-0.0020928124270475847,-0.004265699738332713,-0.002543359291320041,-2543.359291320041
2020-01-22T00:00:00.000000,-0.00026897630048653565,0.0006547119515543188,-0.004073053816849001,-0.0007526853281467725,-752.6853281467725
2020-01-23T00:00:00.000000,0.0005379282046879237,0.0040659416784317726,-0.002731619758931998,0.0009424226540870939,942.4226540870939
2020-01-24T00:00:00.000000,-0.00014434818621345685,0.0027544476763721004,0.003694425389823519,0.0014930452877696056,1493.0452877696057
2020-01-25T00:00:00.000000,0.0016816172754748175,0.0003301926886751939,-0.001920696666495829,0.0005557271110408011,555.7271110408011
2020-01-26T00:00:00.000000,0.002136522589709866,-0.00044642934269671576,0.008741146194512172,0.002682561730948353,2682.561730948353
2020-01-27T00:00:00.000000,-0.0028117935774223026,-0.00012336165698698847,0.0007879537026426678,-0.0012853145452787142,-1285.3145452787141
2020-01-28T00:00:00.000000,0.004141298018345672,-0.0001300664140412842,0.002123508371084622,0.002456330759177375,2456.330759177375
2020-01-29T00:00:00.000000,-0.0061482386899188056,-0.000035482468291293204,-0.004886573340543641,-0.0040620787535555185,-4062.0787535555187
2020-01-30T00:00:00.000000,-0.0008988937497932767,0.001954080241442574,0.001847929638226974,0.0005063631251815286,506.3631251815286
2020-01-31T00:00:00.000000,0.002605893387770603,0.0012000486957905903,-0.00039041347871332185,0.0015848786068798143,1584.8786068798142
2020-02-01T00:00:00.000000,0.001083078184508938,-0.003939069058181755,0.000045529443936084336,-0.0006310757364128407,-631.0757364128407
2020-02-02T00:00:00.000000,0.00024810277526206607,0.002882144748330826,0.007789253614806384,0.0025465455350915578,2546.5455350915577
2020-02-03T00:00:00.000000,-0.0017141109289559003,-0.0006666796905052358,-0.0005616796991739497,-0.0011693953114643109,-1169.395311464311
2020-02-04T00:00:00.000000,0.005100544912103188,0.005327632623946924,0.005230319978857027,0.005194626239007076,5194.626239007076
2020-02-05T00:00:00.000000,-0.0034456436499710223,-0.0046720553175887344,-0.003036529275377662,-0.003731744275337664,-3731.744275337664
2020-02-06T00:00:00.000000,-0.0003263364049952446,-0.0015555500459075457,-0.0003279654714908851,-0.000695426310568063,-695.426310568063
2020-02-07T00:00:00.000000,-0.0008748701238797756,0.0007336873994363664,0.00576440190690653,0.0009355515392723279,935.5515392723279
2020-02-08T00:00:00.000000,0.001081413951101569,0.0017003611875294842,-0.0008769011733633023,0.0008754350971369693,875.4350971369693
2020-02-09T00:00:00.000000,-0.0012527387641308766,-0.0018665309429584873,0.004833345673990786,-0.00021965953015482724,-219.65953015482725
2020-02-10T00:00:00.000000,-0.0030763334200045894,-0.0012975001353050027,0.0005337558063664264,-0.00182066558932051,-1820.6655893205102
2020-02-11T00:00:00.000000,0.0026301682811899706,-0.0004960408587651886,-0.0006629003276828029,0.001033691817428868,1033.691817428868
2020-02-12T00:00:00.000000,0.001956751717611759,0.0010968410299574132,0.002760723217166563,0.0018595728112264162,1859.5728112264162
2020-02-13T00:00:00.000000,-0.0048623036955892885,-0.0028002087365762026,0.0010171633488801895,-0.003067781798991467,-3067.781798991467
2020-02-14T00:00:00.000000,0.0018178780096325723,0.003226477668117498,0.003238929886651589,0.0025246682825818536,2524.6682825818534
2020-02-15T00:00:00.000000,0.0008653557916052912,0.0024800297561777796,-0.00405017415967137,0.0003666519907217055,366.6519907217055
2020-02-16T00:00:00.000000,0.0029461612290402122,0.000021915816324261615,-0.000761911527474606,0.0013272730539224634,1327.2730539224633
2020-02-17T00:00:00.000000,0.0033755222262189157,-0.0015226283414712446,0.0002234440933454857,0.0012756614293371817,1275.6614293371817
2020-02-18T00:00:00.000000,0.0007156182895684613,0.002803353643797018,-0.00006830028730013887,0.0011851551804633084,1185.1551804633084
2020-02-19T00:00:00.000000,-0.0006086401553627341,0.0014342280239591832,0.002343016292652034,0.0005945515880367947,594.5515880367948
2020-02-20T00:00:00.000000,0.004964483969394795,0.0015966269268868928,0.0024666030027997617,0.0034545506633234177,3454.5506633234177
2020-02-21T00:00:00.000000,0.0018637177195836834,0.004601503951045046,-0.0030690330761303044,0.001698503429879295,1698.503429879295
2020-02-22T00:00:00.000000,-0.0009781220003059587,0.00003054926858571733,0.0010150935530178896,-0.0002768775089736862,-276.8775089736862
2020-02-23T00:00:00.000000,-0.00032312371115913205,0.0017353943681276528,0.0014422572358514696,0.0006475079020290238,647.5079020290239
2020-02-24T00:00:00.000000,0.001424599522495951,0.0003974369628202179,0.0018433713437931195,0.0012002051188526649,1200.2051188526648
2020-02-25T00:00:00.000000,0.0006684801191161986,0.003946295849763974,0.0031328421766638652,0.0021446972498200645,2144.6972498200644
2020-02-26T00:00:00.000000,-0.000018417523222638565,0.004057881684886409,0.002843766463646712,0.0017769090365839456,1776.9090365839456
2020-02-27T00:00:00.000000,-0.003933212375851215,-0.002913928296958147,-0.00013245976231469002,-0.0028672766294759893,-2867.2766294759895
2020-02-28T00:00:00.000000,0.001226463431403564,0.002539941901908711,0.00016250286562405892,0.001407714859399207,1407.714859399207
2020-02-29T00:00:00.000000,0.000021545127122359173,0.0006547518991702952,-0.005380382800547975,-0.0008688784267973269,-868.8784267973268
2020-03-01T00:00:00.000000,-0.00432877423784529,0.00017086311506469762,-0.00031514534260224233,-0.0021761572529236843,-2176.157252923684
2020-03-02T00:00:00.000000,0.0014355410233361828,-0.0008490469211602089,0.0012985630614893336,0.0007227690476178955,722.7690476178955
2020-03-03T00:00:00.000000,-0.0015311349740060281,0.0010889029199968787,0.0006377365115861204,-0.0003113493086867264,-311.3493086867264
2020-03-04T00:00:00.000000,0.00005299337591932918,0.002949648973699176,-0.003309745727460928,0.00024944223457723166,249.44223457723166
2020-03-05T00:00:00.000000,-0.00006107417760580196,-0.004099878972846228,-0.0036071696212247872,-0.0019819347049017267,-1981.9347049017267
2020-03-06T00:00:00.000000,-0.003791759971429178,-0.005798517025331551,0.0010144585599987104,-0.0034325433813143123,-3432.5433813143122
2020-03-07T00:00:00.000000,0.0005447898784196662,-0.0036672643555202013,0.00013833453843003487,-0.0008001174597602203,-800.1174597602203
2020-03-08T00:00:00.000000,0.0009351328978920241,-0.0005844136688891155,0.0020160020921178735,0.000695442766702852,695.442766702852
2020-03-09T00:00:00.000000,-0.0022999639749523657,-0.00033931548840807524,-0.0010240448716086164,-0.0014565856083203286,-1456.5856083203287
2020-03-10T00:00:00.000000,0.0013240802453948757,0.004317514104192057,0.0009097684184872356,0.002139248037652502,2139.2480376525023
2020-03-11T00:00:00.000000,-0.001708604394491586,-0.0012318104391604498,0.0019523514179279932,-0.0008333750454083292,-833.3750454083292
2020-03-12T00:00:00.000000,0.0017732365664659693,0.0034140310911425836,-0.0014501341846521218,0.0016208007736453352,1620.8007736453353
2020-03-13T00:00:00.000000,-0.0030826260391099516,-0.004791402916429783,-0.00098113766917705,-0.0031749614283193206,-3174.9614283193205
2020-03-14T00:00:00.000000,0.003449843655814006,-0.0021499648787103092,-0.0006013258661151275,0.0009596671910708847,959.6671910708847
2020-03-15T00:00:00.000000,-0.0008905451040897444,0.0010417046022067624,-0.0005829886822969468,-0.00024935890784223285,-249.35890784223284
2020-03-16T00:00:00.000000,0.00009470250437522388,0.00028333089787861454,-0.0012305163704059183,-0.00011375275252998733,-113.75275252998733
2020-03-17T00:00:00.000000,-0.0001397529317618288,-0.00021658949618818624,0.0005719013149011386,-0.00002047305175714255,-20.47305175714255
2020-03-18T00:00:00.000000,0.004422992649534132,-0.000986884200079753,0.0005312541350095681,0.0020216818917450537,2021.6818917450537
2020-03-19T00:00:00.000000,-0.0012378392234644977,-0.0010646400790255768,0.0032132683767205628,-0.00029565796009580923,-295.65796009580924
2020-03-20T00:00:00.000000,-0.0007971689146008926,-0.0018153390010097062,-0.0021878219066585117,-0.0013807505389350605,-1380.7505389350604
2020-03-21T00:00:00.000000,0.001097928112162488,0.002217745097660077,-0.00001161493248407711,0.001211964598882452,1211.964598882452
2020-03-22T00:00:00.000000,0.005218312571511746,0.003973996492193697,0.0007063068251774753,0.003942616598449477,3942.616598449477
2020-03-23T00:00:00.000000,0.001583494044741516,-0.0018093595726547105,0.004384933653061199,0.0011259258811865845,1125.9258811865845
2020-03-24T00:00:00.000000,-0.0020506702182736475,-0.0020493338346733872,-0.000048835670465276074,-0.001649902393631895,-1649.9023936318952
2020-03-25T00:00:00.000000,-0.0027500936028931875,-0.0034128270437779034,0.002286533618405905,-0.0019415881908987837,-1941.5881908987838
2020-03-26T00:00:00.000000,0.00015224295641546345,0.0003106418054536563,-0.004184181119110916,-0.0006675222039783546,-667.5222039783547
2020-03-27T00:00:00.000000,0.001802202117702074,0.002501484641002477,0.0011706507976077766,0.0018856766106733352,1885.6766106733353
2020-03-28T00:00:00.000000,0.0012827511096596845,-0.0013354520926710876,0.003066392386870311,0.0008540184044025783,854.0184044025783
2020-03-29T00:00:00.000000,-0.002963360203767039,-0.0006143069689643111,-0.0007671480321737274,-0.001819401799007558,-1819.401799007558
2020-03-30T00:00:00.000000,0.0024992674331133563,0.0002634847632551184,0.004023941125196054,0.0021334673705724243,2133.4673705724244
2020-03-31T00:00:00.000000,-0.00347292245065196,-0.0039657456645246884,-0.0030393653503011167,-0.0035340579947436097,-3534.05799474361
2020-04-01T00:00:00.000000,0.0014522449905328893,0.00010833928009088437,0.00442954232055674,0.001644532743405058,1644.532743405058
2020-04-02T00:00:00.000000,-0.0004164530938773524,-0.0018800846448387483,0.007015694370857751,0.0006308869337812496,630.8869337812496
2020-04-03T00:00:00.000000,0.0020195378534022318,0.0004575013893056358,-0.0001105156813189772,0.0011249162072290112,1124.9162072290112
2020-04-04T00:00:00.000000,-0.0009933081531321576,-0.002796555785177697,-0.0015870075642023154,-0.001653022324959851,-1653.022324959851
2020-04-05T00:00:00.000000,-0.0004783149481321187,0.004586250265832779,0.004770653431353103,0.002090848291954395,2090.848291954395
2020-04-06T00:00:00.000000,-0.0021530797229354238,-0.0015622728960565427,0.0037182164371921374,-0.000801578442846247,-801.5784428462471
2020-04-07T00:00:00.000000,0.0020250552721798893,-0.00022345101598517125,-0.0008335800814598048,0.0007787763150024324,778.7763150024324
2020-04-08T00:00:00.000000,0.0006183134566424608,0.000836759821468444,-0.0010050604512875719,0.00035917258450424925,359.17258450424924
2020-04-09T00:00:00.000000,0.003491412866624853,0.0022593439006183403,0.0007071461734184784,0.0025649388381816245,2564.9388381816243
2020-04-10T00:00:00.000000,0.0042606292579495855,0.003342060800933554,-0.0016683515331028312,0.0027992625626342927,2799.262562634293
2020-04-11T00:00:00.000000,0.002524154677234641,0.0031915334000868507,-0.0015289558394525947,0.0019137461907528567,1913.7461907528566
2020-04-12T00:00:00.000000,0.003715685483473231,0.004220615420094611,-0.0013214223002562038,0.002859742907713758,2859.742907713758
2020-04-13T00:00:00.000000,-0.000286277269221619,-0.000717002295221055,-0.0020883926953123855,-0.0007759178622396032,-775.9178622396032
2020-04-14T00:00:00.000000,0.0020155142883339907,0.00029956351871064007,0.0008029453378396565,0.0012582152673481187,1258.2152673481187
2020-04-15T00:00:00.000000,0.0014840508568145384,0.00016989660569671197,0.0011526441976095624,0.0010235232496381952,1023.5232496381952
2020-04-16T00:00:00.000000,0.00203858590121053,-0.004502242329471169,0.004715001478442231,0.0006116205474523606,611.6205474523606
2020-04-17T00:00:00.000000,-0.001709422187168161,-0.004286382124397105,-0.003780062122216373,-0.0028966381553464865,-2896.6381553464867
2020-04-18T00:00:00.000000,0.0024151503907227645,0.004172148534889049,0.0038519671954297514,0.0032296131949140472,3229.613194914047
2020-04-19T00:00:00.000000,0.006118754084233832,0.007418735427002568,0.001938533467323473,0.005672704363682381,5672.704363682381
2020-04-20T00:00:00.000000,0.004455628784700958,0.0037515279208872434,0.0025076088710427012,0.0038547945428251923,3854.7945428251924
2020-04-21T00:00:00.000000,-0.0005881138754492168,0.0007787139261115328,0.0017904584764998112,0.00029764893540881363,297.64893540881366
2020-04-22T00:00:00.000000,-0.0011889697900589735,-0.00021029969091292784,-0.003888666064686896,-0.0014353080152407442,-1435.3080152407442
2020-04-23T00:00:00.000000,0.000033242112485286444,0.004537761616910475,0.00013472923855215187,0.0014048953890262162,1404.8953890262162
2020-04-24T00:00:00.000000,0.002044439035218877,0.003730349822869154,0.0014313566246391682,0.002427595789398018,2427.595789398018
2020-04-25T00:00:00.000000,0.0006735473423336124,-7.835182961533058e-6,0.0016323537920244473,0.0006608938746832359,660.8938746832358
2020-04-26T00:00:00.000000,-0.0005483117697052433,-0.0022534808812008514,0.0006535059317234543,-0.0008194989628681862,-819.4989628681863
2020-04-27T00:00:00.000000,-0.001983478037619532,-0.003756092640515145,0.007026400419732682,-0.0007132867270177728,-713.2867270177728
2020-04-28T00:00:00.000000,0.00509802281451502,0.003043727271734446,-0.0002652199527539479,0.0034090855982270543,3409.085598227054
2020-04-29T00:00:00.000000,0.00026113303268677417,-0.0018399014905686067,-0.001797490865005453,-0.0007809021038282856,-780.9021038282856
2020-04-30T00:00:00.000000,0.001370631947043047,-0.0024581074191953487,-0.001627921579274293,-0.0003777005680919397,-377.7005680919397
2020-05-01T00:00:00.000000,-0.003258987454794739,-0.002859545768485053,-0.002645431357480764,-0.0030164437294390384,-3016.4437294390386
2020-05-02T00:00:00.000000,-0.0015552056890639008,-0.00413509600722879,-0.0031446613819195533,-0.002647063923084498,-2647.063923084498
2020-05-03T00:00:00.000000,0.002624148937207719,0.00605828327014513,0.005244549593322655,0.004178469368311929,4178.469368311929
2020-05-04T00:00:00.000000,0.0035928570938002697,0.003767279513898901,0.005514012743969565,0.004029414949863718,4029.4149498637184
2020-05-05T00:00:00.000000,-0.0011911443741900217,-0.002270345282633235,-0.003121238881248429,-0.001900923548134667,-1900.923548134667
2020-05-06T00:00:00.000000,-0.0018509363251306885,0.002386288277780052,-0.002855566719312686,-0.000780695023093866,-780.695023093866
2020-05-07T00:00:00.000000,0.00037570227039722794,0.0007827366152952367,0.0018067466691592123,0.0007840214536190275,784.0214536190275
2020-05-08T00:00:00.000000,-0.0008807486349123588,-0.0023761684026565276,-0.0020651691328429137,-0.0015662586648217205,-1566.2586648217205
2020-05-09T00:00:00.000000,-0.004452675654116199,0.00041344815453931436,0.00025329545326653233,-0.002051644290042999,-2051.6442900429993
2020-05-10T00:00:00.000000,0.000015336568933867157,0.0021218200873693175,0.001261269062553899,0.0008964681231885086,896.4681231885087
2020-05-11T00:00:00.000000,0.0012589629748060273,-0.0012808923086529127,-0.004051232344991696,-0.0005650326741911994,-565.0326741911995
2020-05-12T00:00:00.000000,-0.0004047037137261049,0.00005772264383278365,0.004916515603990185,0.0007982680570848196,798.2680570848196
2020-05-13T00:00:00.000000,-0.0018112075693648183,-0.0032744365067695147,0.004435633019286566,-0.0010008081328559504,-1000.8081328559504
2020-05-14T00:00:00.000000,-0.0003794242342338032,-0.002405599461928672,-0.0016133660714531587,-0.0012340651699861349,-1234.0651699861348
2020-05-15T00:00:00.000000,0.0009451344050175395,0.0014491550950632827,-0.0014151046798079525,0.000624292795066164,624.292795066164
2020-05-16T00:00:00.000000,-0.003960853292336237,0.0017004332809402605,-0.0004664038278252852,-0.0015635774274510975,-1563.5774274510975
2020-05-17T00:00:00.000000,0.0013051384837943242,-0.0017123351476382822,0.001681370369961075,0.00047514277159789247,475.1427715978925
2020-05-18T00:00:00.000000,-0.000031282782630330215,0.0005627384733811417,0.0016236328180184913,0.0004779067143028757,477.9067143028757
2020-05-19T00:00:00.000000,-0.0005684643164339554,-0.0008596851382436538,0.006306613616299049,0.0007191850235697361,719.1850235697361
2020-05-20T00:00:00.000000,-0.0028049400653958707,-0.002995850767529392,-0.0017943416824821481,-0.0026600935994531825,-2660.0935994531824
2020-05-21T00:00:00.000000,0.001279542754282428,-0.0012031878484777385,-0.002406391733615361,-0.00020246332412517977,-202.46332412517978
2020-05-22T00:00:00.000000,-0.005301083234561228,-0.004190381539359632,-0.005676957684043582,-0.0050430476158972205,-5043.047615897221
2020-05-23T00:00:00.000000,0.00010183385853230422,0.00004184325588965399,-0.002227290119825757,-0.00038198811793210315,-381.98811793210314
2020-05-24T00:00:00.000000,-0.00042771720575157646,-0.0021203002328220757,-0.0003858809186213913,-0.0009271248564466892,-927.1248564466891
2020-05-25T00:00:00.000000,0.0010554228717773104,0.0007233136515596776,0.005497673590553364,0.0018442402494672312,1844.2402494672313
2020-05-26T00:00:00.000000,-0.003096950710878082,-0.0013404762188982738,-0.0023278338971085143,-0.002416185000530226,-2416.185000530226
2020-05-27T00:00:00.000000,0.00008594338691572385,0.0004597039062671806,0.0012573638549166957,0.00043235563632135524,432.35563632135523
2020-05-28T00:00:00.000000,0.0011063415656168978,-0.0014255273240831958,0.0001942313117817438,0.00016435884793983892,164.3588479398389
2020-05-29T00:00:00.000000,0.003936584673233186,0.001272857338863335,0.005081679820344252,0.003366485502344444,3366.485502344444
2020-05-30T00:00:00.000000,0.0046724928503458765,0.004458782451651512,0.009423297277620864,0.005558540616192565,5558.540616192565
2020-05-31T00:00:00.000000,0.002174048209496976,0.0022202343752487615,-0.0008311063187609619,0.001586873153570924,1586.873153570924
2020-06-01T00:00:00.000000,0.003407175278421509,0.0007696895104028984,0.0002346816724453336,0.0019814308268206906,1981.4308268206908
2020-06-02T00:00:00.000000,0.002913053697161003,0.001985864610858452,0.004249482631207216,0.00290218275807948,2902.1827580794798
2020-06-03T00:00:00.000000,0.0037250724732986813,0.003790774246743578,0.0034756744688789346,0.003694903404448201,3694.903404448201
2020-06-04T00:00:00.000000,-0.0017055514180263679,-0.0039996105622427435,0.005127121977208101,-0.0010272344822443867,-1027.2344822443868
2020-06-05T00:00:00.000000,0.004638974511144756,0.0029355203847598703,0.0029072845559778918,0.0037816002821959177,3781.6002821959178
2020-06-06T00:00:00.000000,0.004211832920911787,0.001166752482108307,0.00047962372763882136,0.00255186695061615,2551.86695061615
2020-06-07T00:00:00.000000,0.0005810965027973512,0.0023227973371863185,0.002510464492076928,0.0014894803509699567,1489.4803509699568
2020-06-08T00:00:00.000000,0.0038713536086338297,0.0006166816869149663,0.004665610741748724,0.003053803458741149,3053.803458741149
2020-06-09T00:00:00.000000,-0.0018698816702273214,-0.004206564201329038,0.0020884465435920922,-0.0017792207867939538,-1779.2207867939537
2020-06-10T00:00:00.000000,0.003179884603742452,-0.0016598848757663253,0.002518822093321893,0.001595741257805707,1595.741257805707
2020-06-11T00:00:00.000000,0.0034217955790074037,0.0016049698933227642,0.004143024068767462,0.0030209935712540233,3020.993571254023
2020-06-12T00:00:00.000000,-0.0016558823183517105,-0.00003735499655703619,0.0031598867713370183,-0.0002071703038755623,-207.1703038755623
2020-06-13T00:00:00.000000,0.006688576129244322,0.002008166749791183,0.006531976973112582,0.005253133484182032,5253.133484182033
2020-06-14T00:00:00.000000,0.0037667809269364984,0.0035131849175547483,0.003343629662768928,0.003606071871288459,3606.071871288459
2020-06-15T00:00:00.000000,0.00112446015999449,-0.0031214401245379195,-0.00037535424095056305,-0.0004492728055542434,-449.2728055542434
2020-06-16T00:00:00.000000,-0.0007132070173460525,-0.0018721595972946332,-0.0006473589407000314,-0.0010477231760014224,-1047.7231760014224
2020-06-17T00:00:00.000000,0.0027138118839971294,-0.0004492323995249135,0.00485252689952507,0.0021926416020461048,2192.6416020461047
2020-06-18T00:00:00.000000,0.0043294638356425105,0.002085127784395682,-0.00033280701296170816,0.002723708850547618,2723.708850547618
2020-06-19T00:00:00.000000,0.004022085570374477,0.0033691973426328284,0.003152519926618704,0.0036523059733008273,3652.305973300827
2020-06-20T00:00:00.000000,-0.0019078102849654382,-0.0024488267305679047,-0.001635016436982082,-0.0020155564490495067,-2015.5564490495067
2020-06-21T00:00:00.000000,0.0040340982905858955,0.0019716889115403494,0.0017992344688044523,0.002968402712515943,2968.402712515943
2020-06-22T00:00:00.000000,-0.0004424480251833562,0.0014901856184288808,0.003508855587821896,0.0009276027905013653,927.6027905013653
2020-06-23T00:00:00.000000,0.003405090799330019,0.0009318162609537025,0.00187679720405971,0.0023574497187630623,2357.4497187630623
2020-06-24T00:00:00.000000,-0.002150016750963976,-0.0003134157758697164,-0.0011011903555315536,-0.0013892711793492137,-1389.2711793492138
2020-06-25T00:00:00.000000,-0.00038659810812209297,-0.0025258137093152363,-0.004246068422939757,-0.001800256851443569,-1800.2568514435688
2020-06-26T00:00:00.000000,0.003425134077157317,0.002374008355830566,0.0030602606980816623,0.0030368216849441607,3036.8216849441606
2020-06-27T00:00:00.000000,-0.00017105683323795606,0.0029455372413158005,0.0019754525434232265,0.0011932232644604073,1193.2232644604073
2020-06-28T00:00:00.000000,0.007211769166589619,-0.0019488890002545786,0.00836126416991638,0.004693470717201711,4693.4707172017115
2020-06-29T00:00:00.000000,0.0019264673477650059,-0.0007265905109409538,-0.00038133470485900254,0.0006689895796284163,668.9895796284163
2020-06-30T00:00:00.000000,0.002070842443583717,0.00310614425436108,0.001877450982991817,0.002342754694698546,2342.754694698546
2020-07-01T00:00:00.000000,0.004555907501938888,0.0033451092279140142,0.0030926510511322656,0.0039000167295701015,3900.0167295701012
2020-07-02T00:00:00.000000,-0.0011723275847568145,-0.00036090825325738247,0.004042859839290423,0.00011413569950246259,114.13569950246259
2020-07-03T00:00:00.000000,0.0017073372146741489,0.00007922962656835893,0.0005186134028391437,0.0009811601758754108,981.1601758754108
2020-07-04T00:00:00.000000,0.0032880004940920925,0.0018891795749458001,0.0019095645773110179,0.00259266703499199,2592.66703499199
2020-07-05T00:00:00.000000,0.0005332376245735449,-0.00027135447078415896,0.0018486895291496177,0.0005549503768814484,554.9503768814484
2020-07-06T00:00:00.000000,-0.0016700289126568727,0.001270764123319615,-0.00010567263053092566,-0.00047491974543873697,-474.919745438737
2020-07-07T00:00:00.000000,-0.000718393718068405,0.0005944416866024263,-0.001285800843651585,-0.0004380245217837916,-438.0245217837916
2020-07-08T00:00:00.000000,0.002652752775314135,0.0034536053241504047,0.002318769978694923,0.002826211980641173,2826.2119806411733
2020-07-09T00:00:00.000000,0.00016788504793297887,-0.0004141539322449348,0.0034768952495793162,0.0006550753942088723,655.0753942088724
2020-07-10T00:00:00.000000,0.002310798794323472,-5.612448144987048e-6,-0.002473545898233181,0.0006590064830716036,659.0064830716036
2020-07-11T00:00:00.000000,0.000396493744130204,-0.0007435163756392418,0.000474909022440628,0.0000701737638614551,70.1737638614551
2020-07-12T00:00:00.000000,-0.002894538778711988,-0.0003102957152434063,-0.00278736244481752,-0.00209783059289252,-2097.83059289252
2020-07-13T00:00:00.000000,0.005216780925851182,0.0025204310383594745,0.005686639886774527,0.004501847751788339,4501.847751788338
2020-07-14T00:00:00.000000,-0.0022942826202711633,-0.0012068502862071745,-0.005686060714351324,-0.002646408538867999,-2646.408538867999
2020-07-15T00:00:00.000000,0.0012773425637988669,0.005591601597290877,-0.0007762655418147651,0.0021608986527237436,2160.8986527237435
2020-07-16T00:00:00.000000,0.005418125105945528,0.005251849406863385,0.0033251356251935626,0.0049496445000704915,4949.644500070492
2020-07-17T00:00:00.000000,0.0020334087184459997,0.0006647529356643176,0.005519572087703021,0.0023200446574628995,2320.0446574628995
2020-07-18T00:00:00.000000,0.0013446297021693769,0.00406082784432789,0.0008392492167810367,0.002058413047739263,2058.4130477392628
2020-07-19T00:00:00.000000,-0.003424612639651716,-0.0033377507460431027,-0.003241598580079595,-0.0033619512596547076,-3361.9512596547074
2020-07-20T00:00:00.000000,0.0004119845263682344,-0.004175449070355708,0.00558147120832177,0.00006965178374175899,69.65178374175899
2020-07-21T00:00:00.000000,-0.0036221487568247226,-0.005152972621834808,-0.006304541701248731,-0.00461787450521255,-4617.87450521255
2020-07-22T00:00:00.000000,-0.0011853979479650968,-0.005234383842051712,-0.0075294178698602455,-0.003668897700570111,-3668.897700570111
2020-07-23T00:00:00.000000,-0.002738469367957091,-0.0016102269680826173,0.0007530433501599973,-0.0017016941043713311,-1701.6941043713312
2020-07-24T00:00:00.000000,-0.00015662503991512283,0.0005576367583791034,-0.0011806626730578335,-0.00014715402705539713,-147.15402705539714
2020-07-25T00:00:00.000000,0.0030314352672086596,0.005030474624550566,-0.00201519845139214,0.0026218203306910713,2621.8203306910714
2020-07-26T00:00:00.000000,0.00923178595091221,0.006465854747528326,0.00575756934189806,0.007707163268094214,7707.163268094214
2020-07-27T00:00:00.000000,0.00048264768630604796,-0.0004598010576177285,0.0007179021413135965,0.00024696395413042473,246.96395413042472
2020-07-28T00:00:00.000000,0.009599531490654721,0.005490011162366979,0.0007022641077898148,0.006587221915595418,6587.221915595418
2020-07-29T00:00:00.000000,0.000504890510693167,-0.00446627061801577,-0.0038684131960126833,-0.0018611185692606843,-1861.1185692606844
2020-07-30T00:00:00.000000,0.003323165640180599,0.001929629116217132,0.003528871984840434,0.0029462459519235262,2946.2459519235263
2020-07-31T00:00:00.000000,0.0035808017634932025,0.003292930387773934,0.003045103533875983,0.003387300704853978,3387.300704853978
2020-08-01T00:00:00.000000,0.005178991251305797,0.00006122750844031683,0.0015889724086618512,0.002925658359917364,2925.658359917364
2020-08-02T00:00:00.000000,-0.0014096692446403454,0.001557908086413858,0.005083910988142998,0.0007793200012325844,779.3200012325843
2020-08-03T00:00:00.000000,0.0001217692204932675,0.0002521928149888282,-0.003475754298978458,-0.0005586084050524094,-558.6084050524094
2020-08-04T00:00:00.000000,-0.000058825214537571824,-0.00035457582780160253,-0.0042790755127742166,-0.00099160045816411,-991.60045816411
2020-08-05T00:00:00.000000,-0.0012568186067400088,0.0005855637322125698,-0.0025007242096437335,-0.0009528850256349802,-952.8850256349803
2020-08-06T00:00:00.000000,0.00003423645217089647,0.004887785715608792,0.00007974195093350659,0.0014994023309547872,1499.4023309547872
2020-08-07T00:00:00.000000,0.0016826741393863225,0.0014309325101169903,0.0013970183479680754,0.0015500204923218734,1550.0204923218735
2020-08-08T00:00:00.000000,0.0033022585666735087,0.0011548411726006722,-0.0003122081735689897,0.001935140000403158,1935.1400004031582
2020-08-09T00:00:00.000000,0.0025547348074082517,0.0020292782009195117,0.0028986661895428903,0.0024658841018885573,2465.8841018885573
2020-08-10T00:00:00.000000,-0.0019357398096254861,-0.0034476887389295837,-0.004847118272571332,-0.0029716001810058843,-2971.600181005884
2020-08-11T00:00:00.000000,-0.0005327158711896517,0.0023806716330884914,0.004781293812219778,0.0014041023167756773,1404.1023167756773
2020-08-12T00:00:00.000000,-0.0027987318657894337,-0.0032633676518177344,-0.0012159535351777065,-0.002621566935475578,-2621.5669354755782
2020-08-13T00:00:00.000000,0.0013961505969673662,0.00034793247443878493,0.003479887494764383,0.0014984325397681953,1498.4325397681953
2020-08-14T00:00:00.000000,0.002598680019095463,0.0007342851064697669,0.0020841760391331126,0.0019364607493152842,1936.4607493152841
2020-08-15T00:00:00.000000,0.0014134552220706942,0.0026187596514927842,0.002408259657461352,0.0019740074379754526,1974.0074379754526
2020-08-16T00:00:00.000000,-0.00031330370925996827,0.0009353242105738966,0.0018768018406966117,0.0004993057766815071,499.3057766815071
2020-08-17T00:00:00.000000,0.0013623977489346758,0.002530279888515798,0.001627625680051945,0.0017658079770324663,1765.8079770324664
2020-08-18T00:00:00.000000,-0.0014983666317171366,-0.0015320327977094942,0.0016081682796026317,-0.0008871594992508902,-887.1594992508902
2020-08-19T00:00:00.000000,-0.001819941410418025,-0.0018973498705867425,0.0031389575903972944,-0.0008513841483055762,-851.3841483055762
2020-08-20T00:00:00.000000,0.0019823718399038137,-0.0006663274315646148,0.0013965635091044105,0.0010706003923034045,1070.6003923034045
2020-08-21T00:00:00.000000,0.001287599652394183,0.000404213479847777,0.002935011272765537,0.001352066124704532,1352.0661247045318
2020-08-22T00:00:00.000000,-0.0009052559106746739,-0.0012781990139102955,-0.0015397070828616802,-0.0011440290760827616,-1144.0290760827615
2020-08-23T00:00:00.000000,-0.001452880977681989,0.0001227772332907035,0.0034508516463484184,5.630104159003212e-7,0.5630104159003212
2020-08-24T00:00:00.000000,-0.0013303425866576072,-0.001381130648355251,-0.0017396769061778091,-0.001427445869070941,-1427.445869070941
2020-08-25T00:00:00.000000,0.0015124543147694279,0.0026232118402113205,0.005955321298732447,0.0027342549691945993,2734.254969194599
2020-08-26T00:00:00.000000,0.000522613535231612,0.003500875717609902,0.00037302614806696975,0.0013861747125121706,1386.1747125121706
2020-08-27T00:00:00.000000,0.002196433334796224,0.0017228698064474016,-0.003732325306354145,0.0008686125480615032,868.6125480615033
2020-08-28T00:00:00.000000,-0.004730920738432701,0.0011279916251161312,-0.0012566867552676322,-0.0022784002327350377,-2278.4002327350377
2020-08-29T00:00:00.000000,0.0037984635585331006,0.001061221601792854,-0.0004126549724246427,0.0021350672653194782,2135.0672653194783
2020-08-30T00:00:00.000000,-0.0005894127210195428,-0.003218909406622834,0.002065930646966172,-0.0008471930531033871,-847.1930531033871
2020-08-31T00:00:00.000000,0.0010109551941701214,-0.003460640497808557,-0.0018973719379071728,-0.0009121889398389409,-912.1889398389409
2020-09-01T00:00:00.000000,0.0009705035929442238,0.004439288622978366,-0.00043405029964433924,0.0017302283234367538,1730.2283234367537
2020-09-02T00:00:00.000000,-0.0017145012358409483,0.0003887313127081155,-0.006243622192836593,-0.001989355662675358,-1989.3556626753582
2020-09-03T00:00:00.000000,-0.0019353453111609561,-0.00108476934182091,-0.00196541895774723,-0.001686187249676197,-1686.187249676197
2020-09-04T00:00:00.000000,-0.0007241292325737119,0.0005127372526396406,-0.0073011379798868705,-0.0016684710364723379,-1668.4710364723378
2020-09-05T00:00:00.000000,0.002094254240281097,-0.002031778094596753,-0.00461470847045717,-0.00048534800232991147,-485.3480023299115
2020-09-06T00:00:00.000000,-0.0016362182890390445,0.0035307039592336526,0.001430743968432892,0.0005272508369371519,527.2508369371519
2020-09-07T00:00:00.000000,0.0005175160456649547,0.0014440423639504553,0.0030984004759524965,0.0013116508272081133,1311.6508272081132
2020-09-08T00:00:00.000000,0.002277461947054776,0.0011251895892097857,0.001842872685354894,0.0018448623873613024,1844.8623873613024
2020-09-09T00:00:00.000000,0.004686556197012633,0.003161133247797384,-0.0018324284293876388,0.002925132386968004,2925.132386968004
2020-09-10T00:00:00.000000,0.0005008652605511469,0.0006076184634734264,-0.0003646340684259396,0.0003597913556324135,359.79135563241346
2020-09-11T00:00:00.000000,-0.0012133699659540133,0.0006517680485582627,0.0001166923827282948,-0.00038781609186386886,-387.81609186386885
2020-09-12T00:00:00.000000,0.0030641659271337485,0.0007846510891093765,-0.0019965940675776284,0.0013681594767841615,1368.1594767841616
2020-09-13T00:00:00.000000,0.0019389111491866229,0.0013909367142719915,0.004790194905301452,0.002344775569935199,2344.775569935199
2020-09-14T00:00:00.000000,0.0005211305343812191,0.0045832489929500675,0.0031440868717270143,0.0022643573394210328,2264.357339421033
2020-09-15T00:00:00.000000,0.00031781942814622843,0.0026068400923099557,-0.0007153925214889919,0.0007978832374683025,797.8832374683025
2020-09-16T00:00:00.000000,0.0023022340534293367,0.004204773253278794,0.0007171575169835924,0.0025559805060950255,2555.9805060950257
2020-09-17T00:00:00.000000,-0.00042653047157808295,-0.0006888313528623702,0.0008336484238426575,-0.00025318495687922104,-253.18495687922103
2020-09-18T00:00:00.000000,0.0020644746439382,-0.0005632096405171617,-0.005240204605272872,-0.0001847664912406231,-184.7664912406231
2020-09-19T00:00:00.000000,-0.000025267340069072552,0.0018924261598007037,0.0005984678524382092,0.0006747877483933167,674.7877483933166
2020-09-20T00:00:00.000000,0.00235841235866571,0.002366649824577389,-0.0006364527439933958,0.0017619105779073923,1761.9105779073923
2020-09-21T00:00:00.000000,-0.000029368151393160345,0.002337183036941897,-0.0029118600296847465,0.00010409882944903968,104.09882944903967
2020-09-22T00:00:00.000000,-0.0028293831819648494,-0.004439329259429639,-0.0015023008786578646,-0.0030469505445428896,-3046.9505445428895
2020-09-23T00:00:00.000000,-0.000941588696068365,0.0013431006389212272,0.004320559580548567,0.0007962477597518992,796.2477597518993
2020-09-24T00:00:00.000000,0.0014102586220393677,0.0015775842028420213,0.0031060285838010295,0.0017996102886324963,1799.6102886324963
2020-09-25T00:00:00.000000,0.0029163555133030162,0.00138383786010516,-0.0003150369693483905,0.0018103217208133779,1810.3217208133779
2020-09-26T00:00:00.000000,0.0007511405772860913,-0.001610608750520335,0.001976248344068476,0.0002876373323006404,287.63733230064037
2020-09-27T00:00:00.000000,-0.00017152671093388443,-0.004384913343731539,0.003526066309758007,-0.0006960240966348022,-696.0240966348022
2020-09-28T00:00:00.000000,-0.0007926621511794394,0.0020751411679238293,0.0030419010487383064,0.0008345914845350904,834.5914845350904
2020-09-29T00:00:00.000000,-0.0012860362478450402,-0.0014861640656231923,-0.0008416088902394776,-0.0012571891216573733,-1257.1891216573733
2020-09-30T00:00:00.000000,0.00014943306101958704,-0.002487121799482108,-0.0018828103331167217,-0.0010479820759581831,-1047.982075958183
2020-10-01T00:00:00.000000,-0.004021108651047951,-0.004616557544127233,0.0008281699408407698,-0.003229887600593991,-3229.887600593991
2020-10-02T00:00:00.000000,0.003228103474263271,0.0011724306014197438,0.0023329561562652487,0.0024323721488106083,2432.3721488106085
2020-10-03T00:00:00.000000,-0.00195254030442653,0.001903643050578786,0.0017890796600831967,-0.000047361305022989826,-47.361305022989825
2020-10-04T00:00:00.000000,-0.0028802168771587945,-0.00203918270272721,0.0009555154050459087,-0.0018607601683883783,-1860.7601683883784
2020-10-05T00:00:00.000000,-0.001043797915009981,-0.0037486859062362127,0.0026846581459580056,-0.0011095731001842532,-1109.5731001842532
2020-10-06T00:00:00.000000,-0.00572411359686176,-0.004050686128171889,-0.0038302056346817036,-0.004843303763818788,-4843.303763818788
2020-10-07T00:00:00.000000,0.000999117345251248,0.00004495286050465908,0.004321182196902977,0.0013772809701576173,1377.2809701576173
2020-10-08T00:00:00.000000,-0.0005330693254789531,-0.006190573285883144,0.00009479881407719899,-0.00210474688568898,-2104.74688568898
2020-10-09T00:00:00.000000,0.002255616816145352,0.0003378102669643756,0.006504782617875796,0.0025301080117371482,2530.1080117371484
2020-10-10T00:00:00.000000,0.003408584501173151,0.0026357309395826445,-0.0001315634542687035,0.002468698841607628,2468.698841607628
2020-10-11T00:00:00.000000,0.001815033374656267,0.0011804127296268369,0.005075391409495748,0.002276718788115334,2276.718788115334
2020-10-12T00:00:00.000000,0.0012147122004774976,0.005809112189890691,0.0019132323503879434,0.0027327362272835448,2732.736227283545
2020-10-13T00:00:00.000000,0.0019746149049644163,0.0036707300590955146,-0.0010682540108433451,0.0018748756680421936,1874.8756680421936
2020-10-14T00:00:00.000000,0.004581917206484576,0.0021246226188903388,0.00021234249783703518,0.0029708138884767966,2970.8138884767964
2020-10-15T00:00:00.000000,-0.00038380813226496734,-0.0026562518174833407,-0.0012380419245829606,-0.001236387996294078,-1236.387996294078
2020-10-16T00:00:00.000000,0.0024829004801794063,0.007217119606499721,0.002566497839205749,0.003919885689880769,3919.8856898807694
2020-10-17T00:00:00.000000,0.0025866777496427245,0.0019816368680289765,0.0027330064641064985,0.002434431228051355,2434.431228051355
2020-10-18T00:00:00.000000,-0.0040150009346588324,-0.0023201414161741077,-0.0031886000118157374,-0.003341262894544796,-3341.262894544796
2020-10-19T00:00:00.000000,-0.00034096475694421154,0.00011734982577999345,0.00003043622321705147,-0.00012919018609469743,-129.19018609469742
2020-10-20T00:00:00.000000,-0.00035039790297897524,-0.00040383047846429015,0.005926811075835592,0.0008890141201383438,889.0141201383437
2020-10-21T00:00:00.000000,0.00018661548596504737,-0.00040232082384788494,0.005111629510302134,0.0009949373978885851,994.9373978885851
2020-10-22T00:00:00.000000,-0.002144909595260654,-0.0021153240137604724,0.0007039710090220964,-0.0015662577999540493,-1566.2577999540492
2020-10-23T00:00:00.000000,0.0033595998754332506,0.0005462821175192159,0.001139010434504601,0.00207148665987331,2071.48665987331
2020-10-24T00:00:00.000000,-0.0032471004791233904,-0.0024351065404319967,-0.001120906019845216,-0.0025782634056603377,-2578.263405660338
2020-10-25T00:00:00.000000,0.00286966211883896,0.00028435045773247025,0.00269755391819125,0.002059646980377471,2059.646980377471
2020-10-26T00:00:00.000000,0.003386028841923612,0.00041190843464567134,-0.0019198776955952166,0.001432611412236464,1432.611412236464
2020-10-27T00:00:00.000000,0.004465404989077928,0.003742460455383794,0.0014338703877299647,0.0036422147087000955,3642.2147087000953
2020-10-28T00:00:00.000000,-0.0006849810401969695,-0.0005931544348417105,-0.005057752221632768,-0.0015319872948775515,-1531.9872948775514
2020-10-29T00:00:00.000000,0.006250493605123262,0.0066767859771653774,0.0034906693678158377,0.005826416469274412,5826.416469274412
2020-10-30T00:00:00.000000,0.0032131702654334647,-0.0035667396167860244,0.0030260878191082233,0.0011417808115025698,1141.7808115025698
2020-10-31T00:00:00.000000,0.00002709840603585187,0.0022150137038449234,-0.001429559386898122,0.0003921414367917784,392.1414367917784
2020-11-01T00:00:00.000000,0.00035252738330878195,0.002648970384995258,0.004819960289870098,0.001934946865126988,1934.9468651269879
2020-11-02T00:00:00.000000,-0.0019767351042115746,-0.0063163804648163,-0.0050332969890070235,-0.0038899410893520818,-3889.9410893520817
2020-11-03T00:00:00.000000,-0.0015983713888358298,-0.0013565751881606976,-0.004812624640629461,-0.0021686831789920163,-2168.683178992016
2020-11-04T00:00:00.000000,-0.000652902618829962,-0.001542881731991583,0.00017335545567991615,-0.0007546447378764728,-754.6447378764727
2020-11-05T00:00:00.000000,-0.002410192652433894,-0.004287023389435643,0.0022212949078364635,-0.002046944361480347,-2046.9443614803472
2020-11-06T00:00:00.000000,0.00293951879677278,0.0005491666248182495,0.006367283074373606,0.0029079660007065864,2907.9660007065863
2020-11-07T00:00:00.000000,0.00258677685198719,-0.0012291516909316575,-0.0007566527886068202,0.0007733123609927336,773.3123609927336
2020-11-08T00:00:00.000000,0.00281021634898803,0.0048277408868472454,0.004063042500293887,0.0036660389406069664,3666.038940606966
2020-11-09T00:00:00.000000,0.0013667096360006387,0.0022401567862949225,0.00011497459149787836,0.0013783967721883717,1378.3967721883716
2020-11-10T00:00:00.000000,-0.0016393211928456709,0.0005799101899883175,-0.001744881899822459,-0.000994663919390832,-994.6639193908319
2020-11-11T00:00:00.000000,0.004203003841632759,0.00423134412808647,0.004393479812460017,0.0042496011217343236,4249.601121734324
2020-11-12T00:00:00.000000,0.003672352971294964,-0.0002645035424344586,0.0032029686352402584,0.002397419149965196,2397.419149965196
2020-11-13T00:00:00.000000,0.00021173324340654397,-0.0007010405325595472,-0.004511676470952748,-0.0010067808322551418,-1006.7808322551418
2020-11-14T00:00:00.000000,0.001066966352488442,0.0014739491224558363,0.004739121049177687,0.0019234921228165093,1923.4921228165092
2020-11-15T00:00:00.000000,0.0006306569456323153,-0.0019370556177838905,0.004457274062442354,0.0006256665999694615,625.6665999694615
2020-11-16T00:00:00.000000,0.002949395964992718,0.0033275968603447767,-0.0006881881045285882,0.0023353394196940743,2335.3394196940744
2020-11-17T00:00:00.000000,0.0005483570254369136,-0.0005118507963162701,0.001167910600312227,0.0003542053938860212,354.2053938860212
2020-11-18T00:00:00.000000,0.005194979316766527,0.0032591583849008047,0.003987590558848217,0.004372755285623148,4372.755285623149
2020-11-19T00:00:00.000000,0.0035671872756854604,0.002405119936406983,0.0013965212974717213,0.002784433878259169,2784.433878259169
2020-11-20T00:00:00.000000,-0.001940817381499702,0.0002653266229720796,-0.0020404154615362604,-0.0012988937961654792,-1298.8937961654792
2020-11-21T00:00:00.000000,-0.003455788612787732,-0.00221633233163816,-0.0029488701038141545,-0.002982568026648145,-2982.568026648145
2020-11-22T00:00:00.000000,-0.002335089126499932,-0.000010140393271503966,-0.0015321622129743358,-0.0014770191238262843,-1477.0191238262844
2020-11-23T00:00:00.000000,-0.000023137306037064077,-0.0027053266551997947,0.0031786870577780943,-0.00018742923802285145,-187.42923802285145
2020-11-24T00:00:00.000000,-0.00042228018294784495,0.0005342712138885276,0.0011948004637832971,0.0001881013654492952,188.1013654492952
2020-11-25T00:00:00.000000,0.00157274550926428,0.0018158025159367677,-0.0007183429962583179,0.0011874449101615067,1187.4449101615066
2020-11-26T00:00:00.000000,0.0026385532271530855,0.0011481071213720194,0.0034195961319450343,0.0023476279763771555,2347.6279763771554
2020-11-27T00:00:00.000000,0.003151545628514168,0.003351466044484236,-0.006858627861890226,0.0012094870552243097,1209.4870552243096
2020-11-28T00:00:00.000000,0.003962604558193726,0.00008897284722939394,0.00506579710111631,0.0030211535534889434,3021.1535534889435
2020-11-29T00:00:00.000000,0.001186438288487888,0.003090454038413802,-0.004442641336334299,0.0006318270885012246,631.8270885012247
2020-11-30T00:00:00.000000,0.00035591973341775123,-0.000782604272885978,-0.0013453228242093964,-0.00032588597999879705,-325.88597999879704
2020-12-01T00:00:00.000000,0.002546942618497861,0.0007505539589619211,-0.0022365096838784316,0.0010513355601618206,1051.3355601618207
2020-12-02T00:00:00.000000,0.0020773028032074884,0.004033218451673779,-0.002674544427162717,0.0017137080516733344,1713.7080516733345
2020-12-03T00:00:00.000000,-0.0018165858416529933,-0.0024054873810855186,0.0028594803621355583,-0.0010580430627250407,-1058.0430627250407
2020-12-04T00:00:00.000000,0.00003013145427562436,-0.0030721225927271196,-0.0015626036039356741,-0.0012190917714674585,-1219.0917714674586
2020-12-05T00:00:00.000000,-0.00034292455280397473,-0.0029660583470478073,0.0011315116451921475,-0.0008349774514779001,-834.9774514779001
2020-12-06T00:00:00.000000,0.0018741796044335684,0.003009619902691279,0.0009827382633624477,0.0020365234256966573,2036.5234256966573
2020-12-07T00:00:00.000000,-0.0004451127885080876,-0.003020058704992566,0.0011441224816693646,-0.0008997495094179406,-899.7495094179405
2020-12-08T00:00:00.000000,-0.003929833428891276,0.0007263883639687294,-0.0015090343268192338,-0.0020488070706188664,-2048.8070706188664
2020-12-09T00:00:00.000000,0.00103385682462887,-0.0031366588157674445,-0.003206976672565709,-0.0010654645669289403,-1065.4645669289403
2020-12-10T00:00:00.000000,0.0010133616943816773,0.004382512736580076,0.0036073004583414203,0.0025428947598331456,2542.8947598331456
2020-12-11T00:00:00.000000,0.0006256499373576362,0.0006844349344052368,-0.0013172697494839374,0.00025470149910360163,254.70149910360163
2020-12-12T00:00:00.000000,-0.0006656843414973242,0.0003281737762592152,-0.004343745695979253,-0.0011031391770667481,-1103.139177066748
2020-12-13T00:00:00.000000,0.0006181362256234444,0.00026056182638210064,-0.0004403454828977375,0.00029916756414680493,299.1675641468049
2020-12-14T00:00:00.000000,-0.00020244422125243605,0.0011422722287041417,0.0047172793719029325,0.0011849154323656111,1184.9154323656112
2020-12-15T00:00:00.000000,0.0029965528482881524,0.002064730595150303,0.0038881652263404783,0.0028953286479572625,2895.3286479572625
2020-12-16T00:00:00.000000,0.0005533075655980046,0.002368203764033043,-0.0009449564032235776,0.0007981236313641998,798.1236313641998
2020-12-17T00:00:00.000000,0.005537356216949551,0.0029364552973240796,0.0006447268870447137,0.003778560075080942,3778.560075080942
2020-12-18T00:00:00.000000,-0.0001983403767979807,-0.00040339647707624487,-0.001404905153652148,-0.0005011701622522934,-501.17016225229344
2020-12-19T00:00:00.000000,0.0018284614700365728,0.0005983755755722883,0.007058743950682523,0.0025054921978264776,2505.4921978264774
2020-12-20T00:00:00.000000,0.0011593837920973113,0.0006717087525578651,0.0016368063566946601,0.0011085657931549473,1108.5657931549472
2020-12-21T00:00:00.000000,-0.00013252936463780903,0.0011956035377841184,0.0016526249415732088,0.0006229413673309728,622.9413673309729
2020-12-22T00:00:00.000000,-0.00226371313599239,-0.004917136785313251,0.0021553503620955266,-0.002175927531171065,-2175.927531171065
2020-12-23T00:00:00.000000,-0.0007290586389201382,-0.0029899708442114262,0.0005328674770795406,-0.0011549470773075889,-1154.9470773075889
2020-12-24T00:00:00.000000,0.0020075185603380895,0.0026097281880454303,-0.0000751264374621093,0.0017716524490902518,1771.6524490902518
2020-12-25T00:00:00.000000,0.0014119690564476767,0.0018345308762558838,0.00034395045274506516,0.0013251338816496164,1325.1338816496163
2020-12-26T00:00:00.000000,0.0033945465142411722,0.0015488333272946418,0.0009831962217578083,0.00235856249966054,2358.56249966054
2020-12-27T00:00:00.000000,0.0013611389130025776,-0.0000775321338692137,-0.00018316670952952478,0.0006206764744346198,620.6764744346198
2020-12-28T00:00:00.000000,0.004559239851543142,0.003807163410723342,0.0041278886309109395,0.004247346675170762,4247.346675170762
2020-12-29T00:00:00.000000,0.00045691172209894146,-0.001042719360618723,0.0001788376574218983,-0.00004859241565176648,-48.59241565176648
2020-12-30T00:00:00.000000,0.0017749439917111123,-0.0008334094508046254,0.002649920231646738,0.001167433206943516,1167.4332069435159
