transaction_id,client_id,asset_id,amount,date
T000000,C0072,A0048,11345.98,2020-01-01T00:00:00.000000000
T000001,C0041,A0000,18237.56,2020-01-01T01:00:00.000000000
T000002,C0072,A0001,4766.09,2020-01-01T02:00:00.000000000
T000003,C0052,A0038,5540.4,2020-01-01T03:00:00.000000000
T000004,C0007,A0037,16494.32,2020-01-01T04:00:00.000000000
T000005,C0067,A0001,7120.51,2020-01-01T05:00:00.000000000
T000006,C0094,A0004,16916.45,2020-01-01T06:00:00.000000000
T000007,C0033,A0045,11280.6,2020-01-01T07:00:00.000000000
T000008,C0015,A0014,991.92,2020-01-01T08:00:00.000000000
T000009,C0095,A0008,14966.49,2020-01-01T09:00:00.000000000
T000010,C0014,A0010,5621.82,2020-01-01T10:00:00.000000000
T000011,C0090,A0009,15077.26,2020-01-01T11:00:00.000000000
T000012,C0099,A0031,5811.14,2020-01-01T12:00:00.000000000
T000013,C0002,A0037,9573.34,2020-01-01T13:00:00.000000000
T000014,C0078,A0026,3738.6,2020-01-01T14:00:00.000000000
T000015,C0068,A0021,12278.28,2020-01-01T15:00:00.000000000
T000016,C0048,A0016,13041.01,2020-01-01T16:00:00.000000000
T000017,C0016,A0009,3476.54,2020-01-01T17:00:00.000000000
T000018,C0039,A0038,7136.02,2020-01-01T18:00:00.000000000
T000019,C0057,A0020,8746.5,2020-01-01T19:00:00.000000000
T000020,C0002,A0027,-2519.75,2020-01-01T20:00:00.000000000
T000021,C0091,A0010,18598.63,2020-01-01T21:00:00.000000000
T000022,C0012,A0037,6695.0,2020-01-01T22:00:00.000000000
T000023,C0067,A0009,13300.84,2020-01-01T23:00:00.000000000
T000024,C0092,A0003,6399.69,2020-01-02T00:00:00.000000000
T000025,C0050,A0020,17731.04,2020-01-02T01:00:00.000000000
T000026,C0096,A0027,10093.43,2020-01-02T02:00:00.000000000
T000027,C0015,A0026,1511.46,2020-01-02T03:00:00.000000000
T000028,C0060,A0020,5601.25,2020-01-02T04:00:00.000000000
T000029,C0073,A0015,7089.79,2020-01-02T05:00:00.000000000
T000030,C0044,A0003,2159.78,2020-01-02T06:00:00.000000000
T000031,C0040,A0031,8311.01,2020-01-02T07:00:00.000000000
T000032,C0013,A0020,12320.62,2020-01-02T08:00:00.000000000
T000033,C0018,A0025,12576.38,2020-01-02T09:00:00.000000000
T000034,C0072,A0003,8081.07,2020-01-02T10:00:00.000000000
T000035,C0022,A0007,12581.56,2020-01-02T11:00:00.000000000
T000036,C0094,A0031,6568.4,2020-01-02T12:00:00.000000000
T000037,C0023,A0017,9909.61,2020-01-02T13:00:00.000000000
T000038,C0032,A0002,1033.48,2020-01-02T14:00:00.000000000
T000039,C0080,A0039,22920.61,2020-01-02T15:00:00.000000000
T000040,C0008,A0040,6528.66,2020-01-02T16:00:00.000000000
T000041,C0033,A0005,9962.59,2020-01-02T17:00:00.000000000
T000042,C0037,A0040,7640.43,2020-01-02T18:00:00.000000000
T000043,C0001,A0016,6799.96,2020-01-02T19:00:00.000000000
T000044,C0033,A0010,19722.17,2020-01-02T20:00:00.000000000
T000045,C0081,A0039,11835.9,2020-01-02T21:00:00.000000000
T000046,C0044,A0006,3956.36,2020-01-02T22:00:00.000000000
T000047,C0022,A0022,-756.93,2020-01-02T23:00:00.000000000
T000048,C0052,A0027,10150.87,2020-01-03T00:00:00.000000000
T000049,C0069,A0023,4455.57,2020-01-03T01:00:00.000000000
T000050,C0030,A0015,679.51,2020-01-03T02:00:00.000000000
T000051,C0064,A0041,14710.96,2020-01-03T03:00:00.000000000
T000052,C0005,A0041,-1729.15,2020-01-03T04:00:00.000000000
T000053,C0056,A0007,11616.84,2020-01-03T05:00:00.000000000
T000054,C0020,A0009,14028.8,2020-01-03T06:00:00.000000000
T000055,C0067,A0039,10517.79,2020-01-03T07:00:00.000000000
T000056,C0020,A0043,13167.64,2020-01-03T08:00:00.000000000
T000057,C0062,A0009,14951.36,2020-01-03T09:00:00.000000000
T000058,C0010,A0032,7226.31,2020-01-03T10:00:00.000000000
T000059,C0078,A0034,21461.76,2020-01-03T11:00:00.000000000
T000060,C0038,A0031,13857.57,2020-01-03T12:00:00.000000000
T000061,C0056,A0021,4553.74,2020-01-03T13:00:00.000000000
T000062,C0083,A0029,8730.38,2020-01-03T14:00:00.000000000
T000063,C0050,A0008,8535.48,2020-01-03T15:00:00.000000000
T000064,C0000,A0040,7627.98,2020-01-03T16:00:00.000000000
T000065,C0079,A0016,9311.28,2020-01-03T17:00:00.000000000
T000066,C0068,A0027,6419.7,2020-01-03T18:00:00.000000000
T000067,C0071,A0049,11257.08,2020-01-03T19:00:00.000000000
T000068,C0086,A0027,15461.79,2020-01-03T20:00:00.000000000
T000069,C0050,A0044,17642.2,2020-01-03T21:00:00.000000000
T000070,C0031,A0029,10497.71,2020-01-03T22:00:00.000000000
T000071,C0063,A0000,14463.78,2020-01-03T23:00:00.000000000
T000072,C0079,A0034,6440.02,2020-01-04T00:00:00.000000000
T000073,C0016,A0042,1176.15,2020-01-04T01:00:00.000000000
T000074,C0001,A0031,13335.84,2020-01-04T02:00:00.000000000
T000075,C0073,A0017,10076.5,2020-01-04T03:00:00.000000000
T000076,C0051,A0004,8003.12,2020-01-04T04:00:00.000000000
T000077,C0069,A0005,5004.82,2020-01-04T05:00:00.000000000
T000078,C0009,A0001,14708.58,2020-01-04T06:00:00.000000000
T000079,C0032,A0020,8235.82,2020-01-04T07:00:00.000000000
T000080,C0038,A0029,13530.15,2020-01-04T08:00:00.000000000
T000081,C0084,A0032,16124.66,2020-01-04T09:00:00.000000000
T000082,C0072,A0025,11403.8,2020-01-04T10:00:00.000000000
T000083,C0079,A0028,10071.66,2020-01-04T11:00:00.000000000
T000084,C0096,A0025,11373.15,2020-01-04T12:00:00.000000000
T000085,C0037,A0006,21550.37,2020-01-04T13:00:00.000000000
T000086,C0094,A0026,8651.76,2020-01-04T14:00:00.000000000
T000087,C0009,A0013,18762.66,2020-01-04T15:00:00.000000000
T000088,C0081,A0010,15406.27,2020-01-04T16:00:00.000000000
T000089,C0062,A0017,8408.92,2020-01-04T17:00:00.000000000
T000090,C0059,A0030,765.04,2020-01-04T18:00:00.000000000
T000091,C0089,A0005,13488.31,2020-01-04T19:00:00.000000000
T000092,C0034,A0007,11981.5,2020-01-04T20:00:00.000000000
T000093,C0046,A0022,11450.56,2020-01-04T21:00:00.000000000
T000094,C0043,A0026,2642.83,2020-01-04T22:00:00.000000000
T000095,C0066,A0013,17304.75,2020-01-04T23:00:00.000000000
T000096,C0044,A0021,10906.94,2020-01-05T00:00:00.000000000
T000097,C0059,A0036,443.46,2020-01-05T01:00:00.000000000
T000098,C0070,A0049,13712.61,2020-01-05T02:00:00.000000000
T000099,C0053,A0019,112.74,2020-01-05T03:00:00.000000000
T000100,C0042,A0042,8523.12,2020-01-05T04:00:00.000000000
T000101,C0084,A0013,14504.96,2020-01-05T05:00:00.000000000
T000102,C0001,A0043,12498.02,2020-01-05T06:00:00.000000000
T000103,C0015,A0008,10477.83,2020-01-05T07:00:00.000000000
T000104,C0027,A0031,12908.03,2020-01-05T08:00:00.000000000
T000105,C0073,A0029,10343.26,2020-01-05T09:00:00.000000000
T000106,C0045,A0018,16492.05,2020-01-05T10:00:00.000000000
T000107,C0046,A0049,11212.36,2020-01-05T11:00:00.000000000
T000108,C0099,A0030,9218.21,2020-01-05T12:00:00.000000000
T000109,C0028,A0048,16171.89,2020-01-05T13:00:00.000000000
T000110,C0049,A0020,9763.68,2020-01-05T14:00:00.000000000
T000111,C0032,A0028,3668.16,2020-01-05T15:00:00.000000000
T000112,C0004,A0030,12405.23,2020-01-05T16:00:00.000000000
T000113,C0005,A0010,19075.91,2020-01-05T17:00:00.000000000
T000114,C0013,A0023,12084.38,2020-01-05T18:00:00.000000000
T000115,C0083,A0018,6063.96,2020-01-05T19:00:00.000000000
T000116,C0009,A0047,9199.23,2020-01-05T20:00:00.000000000
T000117,C0015,A0034,2725.69,2020-01-05T21:00:00.000000000
T000118,C0043,A0011,-2816.18,2020-01-05T22:00:00.000000000
T000119,C0053,A0025,2051.34,2020-01-05T23:00:00.000000000
T000120,C0071,A0010,12871.83,2020-01-06T00:00:00.000000000
T000121,C0073,A0011,9081.09,2020-01-06T01:00:00.000000000
T000122,C0034,A0002,3858.39,2020-01-06T02:00:00.000000000
T000123,C0077,A0018,9959.68,2020-01-06T03:00:00.000000000
T000124,C0017,A0011,5403.91,2020-01-06T04:00:00.000000000
T000125,C0022,A0004,11244.17,2020-01-06T05:00:00.000000000
T000126,C0010,A0025,10062.65,2020-01-06T06:00:00.000000000
T000127,C0014,A0009,18832.4,2020-01-06T07:00:00.000000000
T000128,C0013,A0036,12700.15,2020-01-06T08:00:00.000000000
T000129,C0078,A0012,333.98,2020-01-06T09:00:00.000000000
T000130,C0073,A0020,5912.05,2020-01-06T10:00:00.000000000
T000131,C0088,A0044,3699.53,2020-01-06T11:00:00.000000000
T000132,C0083,A0026,10311.03,2020-01-06T12:00:00.000000000
T000133,C0055,A0027,9881.63,2020-01-06T13:00:00.000000000
T000134,C0036,A0046,5910.31,2020-01-06T14:00:00.000000000
T000135,C0096,A0025,17290.5,2020-01-06T15:00:00.000000000
T000136,C0058,A0048,7835.58,2020-01-06T16:00:00.000000000
T000137,C0053,A0010,15512.37,2020-01-06T17:00:00.000000000
T000138,C0016,A0041,12094.76,2020-01-06T18:00:00.000000000
T000139,C0012,A0009,8125.19,2020-01-06T19:00:00.000000000
T000140,C0010,A0004,9652.83,2020-01-06T20:00:00.000000000
T000141,C0066,A0018,5344.86,2020-01-06T21:00:00.000000000
T000142,C0070,A0029,6722.85,2020-01-06T22:00:00.000000000
T000143,C0051,A0044,8438.82,2020-01-06T23:00:00.000000000
T000144,C0034,A0049,3466.3,2020-01-07T00:00:00.000000000
T000145,C0014,A0007,4779.28,2020-01-07T01:00:00.000000000
T000146,C0029,A0017,20789.34,2020-01-07T02:00:00.000000000
T000147,C0059,A0008,16979.67,2020-01-07T03:00:00.000000000
T000148,C0050,A0026,6283.54,2020-01-07T04:00:00.000000000
T000149,C0010,A0019,4105.36,2020-01-07T05:00:00.000000000
T000150,C0059,A0011,13679.0,2020-01-07T06:00:00.000000000
T000151,C0038,A0043,19941.78,2020-01-07T07:00:00.000000000
T000152,C0022,A0047,21049.32,2020-01-07T08:00:00.000000000
T000153,C0023,A0001,8430.24,2020-01-07T09:00:00.000000000
T000154,C0083,A0006,11887.1,2020-01-07T10:00:00.000000000
T000155,C0049,A0047,16286.23,2020-01-07T11:00:00.000000000
T000156,C0083,A0038,13180.45,2020-01-07T12:00:00.000000000
T000157,C0092,A0006,6112.54,2020-01-07T13:00:00.000000000
T000158,C0053,A0045,14070.02,2020-01-07T14:00:00.000000000
T000159,C0009,A0038,7013.73,2020-01-07T15:00:00.000000000
T000160,C0015,A0009,13799.62,2020-01-07T16:00:00.000000000
T000161,C0053,A0048,6357.25,2020-01-07T17:00:00.000000000
T000162,C0044,A0044,10103.33,2020-01-07T18:00:00.000000000
T000163,C0094,A0009,9761.38,2020-01-07T19:00:00.000000000
T000164,C0093,A0049,12851.9,2020-01-07T20:00:00.000000000
T000165,C0000,A0015,8364.56,2020-01-07T21:00:00.000000000
T000166,C0000,A0026,9568.67,2020-01-07T22:00:00.000000000
T000167,C0022,A0011,541.61,2020-01-07T23:00:00.000000000
T000168,C0093,A0027,3864.45,2020-01-08T00:00:00.000000000
T000169,C0080,A0008,10186.89,2020-01-08T01:00:00.000000000
T000170,C0033,A0037,2843.49,2020-01-08T02:00:00.000000000
T000171,C0087,A0038,17489.48,2020-01-08T03:00:00.000000000
T000172,C0094,A0033,20011.94,2020-01-08T04:00:00.000000000
T000173,C0017,A0013,5166.35,2020-01-08T05:00:00.000000000
T000174,C0017,A0038,12308.98,2020-01-08T06:00:00.000000000
T000175,C0020,A0043,10961.5,2020-01-08T07:00:00.000000000
T000176,C0047,A0028,17211.2,2020-01-08T08:00:00.000000000
T000177,C0000,A0043,13706.36,2020-01-08T09:00:00.000000000
T000178,C0095,A0040,10694.79,2020-01-08T10:00:00.000000000
T000179,C0045,A0040,3074.56,2020-01-08T11:00:00.000000000
T000180,C0086,A0029,12666.81,2020-01-08T12:00:00.000000000
T000181,C0024,A0014,5830.76,2020-01-08T13:00:00.000000000
T000182,C0054,A0044,3389.93,2020-01-08T14:00:00.000000000
T000183,C0096,A0043,10303.91,2020-01-08T15:00:00.000000000
T000184,C0092,A0013,14266.63,2020-01-08T16:00:00.000000000
T000185,C0012,A0022,7931.52,2020-01-08T17:00:00.000000000
T000186,C0006,A0036,14701.02,2020-01-08T18:00:00.000000000
T000187,C0089,A0009,13975.56,2020-01-08T19:00:00.000000000
T000188,C0025,A0009,7236.05,2020-01-08T20:00:00.000000000
T000189,C0043,A0043,17387.26,2020-01-08T21:00:00.000000000
T000190,C0068,A0011,7778.72,2020-01-08T22:00:00.000000000
T000191,C0071,A0023,10111.43,2020-01-08T23:00:00.000000000
T000192,C0057,A0045,14176.16,2020-01-09T00:00:00.000000000
T000193,C0062,A0019,20022.35,2020-01-09T01:00:00.000000000
T000194,C0079,A0046,9629.7,2020-01-09T02:00:00.000000000
T000195,C0059,A0009,5369.19,2020-01-09T03:00:00.000000000
T000196,C0057,A0034,12929.87,2020-01-09T04:00:00.000000000
T000197,C0041,A0015,15208.54,2020-01-09T05:00:00.000000000
T000198,C0008,A0021,15419.9,2020-01-09T06:00:00.000000000
T000199,C0057,A0023,18367.02,2020-01-09T07:00:00.000000000
T000200,C0071,A0047,10697.67,2020-01-09T08:00:00.000000000
T000201,C0035,A0027,7690.92,2020-01-09T09:00:00.000000000
T000202,C0001,A0007,10596.63,2020-01-09T10:00:00.000000000
T000203,C0048,A0038,15636.48,2020-01-09T11:00:00.000000000
T000204,C0007,A0042,4022.12,2020-01-09T12:00:00.000000000
T000205,C0039,A0038,6459.4,2020-01-09T13:00:00.000000000
T000206,C0034,A0031,10308.64,2020-01-09T14:00:00.000000000
T000207,C0038,A0048,16145.68,2020-01-09T15:00:00.000000000
T000208,C0055,A0012,6775.07,2020-01-09T16:00:00.000000000
T000209,C0004,A0011,8559.56,2020-01-09T17:00:00.000000000
T000210,C0068,A0005,8933.13,2020-01-09T18:00:00.000000000
T000211,C0067,A0032,7178.6,2020-01-09T19:00:00.000000000
T000212,C0000,A0036,12575.21,2020-01-09T20:00:00.000000000
T000213,C0083,A0033,5722.84,2020-01-09T21:00:00.000000000
T000214,C0014,A0007,709.36,2020-01-09T22:00:00.000000000
T000215,C0048,A0026,13995.73,2020-01-09T23:00:00.000000000
T000216,C0079,A0045,18174.69,2020-01-10T00:00:00.000000000
T000217,C0065,A0013,2294.22,2020-01-10T01:00:00.000000000
T000218,C0031,A0048,-4876.27,2020-01-10T02:00:00.000000000
T000219,C0049,A0008,3088.24,2020-01-10T03:00:00.000000000
T000220,C0023,A0043,10019.27,2020-01-10T04:00:00.000000000
T000221,C0027,A0004,10780.33,2020-01-10T05:00:00.000000000
T000222,C0087,A0002,19052.91,2020-01-10T06:00:00.000000000
T000223,C0013,A0033,13534.19,2020-01-10T07:00:00.000000000
T000224,C0025,A0012,2879.71,2020-01-10T08:00:00.000000000
T000225,C0023,A0048,11526.34,2020-01-10T09:00:00.000000000
T000226,C0068,A0023,11468.26,2020-01-10T10:00:00.000000000
T000227,C0078,A0007,15975.98,2020-01-10T11:00:00.000000000
T000228,C0009,A0047,10025.86,2020-01-10T12:00:00.000000000
T000229,C0031,A0004,8343.08,2020-01-10T13:00:00.000000000
T000230,C0095,A0045,12884.79,2020-01-10T14:00:00.000000000
T000231,C0074,A0032,15400.94,2020-01-10T15:00:00.000000000
T000232,C0003,A0036,4178.67,2020-01-10T16:00:00.000000000
T000233,C0059,A0042,10747.78,2020-01-10T17:00:00.000000000
T000234,C0073,A0020,7898.33,2020-01-10T18:00:00.000000000
T000235,C0053,A0036,15426.44,2020-01-10T19:00:00.000000000
T000236,C0003,A0041,10522.27,2020-01-10T20:00:00.000000000
T000237,C0069,A0009,10478.33,2020-01-10T21:00:00.000000000
T000238,C0079,A0008,11184.56,2020-01-10T22:00:00.000000000
T000239,C0015,A0014,3971.73,2020-01-10T23:00:00.000000000
T000240,C0080,A0047,18389.57,2020-01-11T00:00:00.000000000
T000241,C0091,A0000,3438.44,2020-01-11T01:00:00.000000000
T000242,C0023,A0014,8207.86,2020-01-11T02:00:00.000000000
T000243,C0016,A0046,5889.67,2020-01-11T03:00:00.000000000
T000244,C0015,A0020,12122.67,2020-01-11T04:00:00.000000000
T000245,C0076,A0031,17627.19,2020-01-11T05:00:00.000000000
T000246,C0075,A0018,19491.19,2020-01-11T06:00:00.000000000
T000247,C0033,A0038,9258.04,2020-01-11T07:00:00.000000000
T000248,C0076,A0005,23256.6,2020-01-11T08:00:00.000000000
T000249,C0091,A0036,11922.98,2020-01-11T09:00:00.000000000
T000250,C0071,A0005,9574.68,2020-01-11T10:00:00.000000000
T000251,C0070,A0002,5175.83,2020-01-11T11:00:00.000000000
T000252,C0042,A0048,11127.08,2020-01-11T12:00:00.000000000
T000253,C0073,A0009,11033.48,2020-01-11T13:00:00.000000000
T000254,C0032,A0001,11569.31,2020-01-11T14:00:00.000000000
T000255,C0051,A0048,15040.19,2020-01-11T15:00:00.000000000
T000256,C0056,A0041,9330.21,2020-01-11T16:00:00.000000000
T000257,C0036,A0045,13047.22,2020-01-11T17:00:00.000000000
T000258,C0052,A0010,7189.3,2020-01-11T18:00:00.000000000
T000259,C0005,A0047,12669.38,2020-01-11T19:00:00.000000000
T000260,C0087,A0018,10100.83,2020-01-11T20:00:00.000000000
T000261,C0011,A0036,4640.32,2020-01-11T21:00:00.000000000
T000262,C0078,A0014,13787.11,2020-01-11T22:00:00.000000000
T000263,C0022,A0024,17516.04,2020-01-11T23:00:00.000000000
T000264,C0090,A0027,8218.81,2020-01-12T00:00:00.000000000
T000265,C0061,A0024,7173.68,2020-01-12T01:00:00.000000000
T000266,C0055,A0015,12144.88,2020-01-12T02:00:00.000000000
T000267,C0059,A0011,11869.13,2020-01-12T03:00:00.000000000
T000268,C0072,A0043,12821.0,2020-01-12T04:00:00.000000000
T000269,C0061,A0016,3439.43,2020-01-12T05:00:00.000000000
T000270,C0038,A0031,6777.04,2020-01-12T06:00:00.000000000
T000271,C0089,A0017,6081.56,2020-01-12T07:00:00.000000000
T000272,C0061,A0038,6816.13,2020-01-12T08:00:00.000000000
T000273,C0066,A0017,3517.53,2020-01-12T09:00:00.000000000
T000274,C0092,A0025,19882.14,2020-01-12T10:00:00.000000000
T000275,C0049,A0048,7884.98,2020-01-12T11:00:00.000000000
T000276,C0049,A0033,13587.99,2020-01-12T12:00:00.000000000
T000277,C0057,A0016,3499.59,2020-01-12T13:00:00.000000000
T000278,C0051,A0009,-2168.8,2020-01-12T14:00:00.000000000
T000279,C0083,A0021,5623.38,2020-01-12T15:00:00.000000000
T000280,C0099,A0039,6593.48,2020-01-12T16:00:00.000000000
T000281,C0051,A0029,12133.65,2020-01-12T17:00:00.000000000
T000282,C0044,A0039,13642.72,2020-01-12T18:00:00.000000000
T000283,C0035,A0022,9728.87,2020-01-12T19:00:00.000000000
T000284,C0023,A0006,12892.38,2020-01-12T20:00:00.000000000
T000285,C0039,A0014,14689.17,2020-01-12T21:00:00.000000000
T000286,C0071,A0013,816.7,2020-01-12T22:00:00.000000000
T000287,C0039,A0035,3335.4,2020-01-12T23:00:00.000000000
T000288,C0000,A0029,7622.12,2020-01-13T00:00:00.000000000
T000289,C0022,A0026,14187.25,2020-01-13T01:00:00.000000000
T000290,C0089,A0005,14008.52,2020-01-13T02:00:00.000000000
T000291,C0017,A0035,14472.2,2020-01-13T03:00:00.000000000
T000292,C0075,A0007,651.65,2020-01-13T04:00:00.000000000
T000293,C0094,A0014,7772.65,2020-01-13T05:00:00.000000000
T000294,C0071,A0023,5371.7,2020-01-13T06:00:00.000000000
T000295,C0056,A0014,8828.03,2020-01-13T07:00:00.000000000
T000296,C0037,A0002,7223.15,2020-01-13T08:00:00.000000000
T000297,C0085,A0005,14039.07,2020-01-13T09:00:00.000000000
T000298,C0080,A0029,14000.16,2020-01-13T10:00:00.000000000
T000299,C0059,A0043,16076.69,2020-01-13T11:00:00.000000000
T000300,C0019,A0026,10045.69,2020-01-13T12:00:00.000000000
T000301,C0010,A0011,10389.29,2020-01-13T13:00:00.000000000
T000302,C0023,A0014,5085.25,2020-01-13T14:00:00.000000000
T000303,C0018,A0025,11991.67,2020-01-13T15:00:00.000000000
T000304,C0050,A0000,11307.98,2020-01-13T16:00:00.000000000
T000305,C0036,A0038,3447.27,2020-01-13T17:00:00.000000000
T000306,C0004,A0036,13487.14,2020-01-13T18:00:00.000000000
T000307,C0011,A0024,16948.1,2020-01-13T19:00:00.000000000
T000308,C0047,A0045,13027.89,2020-01-13T20:00:00.000000000
T000309,C0054,A0038,6066.1,2020-01-13T21:00:00.000000000
T000310,C0084,A0026,13791.81,2020-01-13T22:00:00.000000000
T000311,C0018,A0012,18600.65,2020-01-13T23:00:00.000000000
T000312,C0070,A0044,15449.15,2020-01-14T00:00:00.000000000
T000313,C0092,A0011,9984.89,2020-01-14T01:00:00.000000000
T000314,C0041,A0023,13505.57,2020-01-14T02:00:00.000000000
T000315,C0027,A0018,13847.72,2020-01-14T03:00:00.000000000
T000316,C0053,A0041,7327.35,2020-01-14T04:00:00.000000000
T000317,C0091,A0049,9310.56,2020-01-14T05:00:00.000000000
T000318,C0035,A0047,12382.0,2020-01-14T06:00:00.000000000
T000319,C0085,A0025,5715.34,2020-01-14T07:00:00.000000000
T000320,C0091,A0040,8910.54,2020-01-14T08:00:00.000000000
T000321,C0053,A0013,21763.54,2020-01-14T09:00:00.000000000
T000322,C0014,A0027,14468.05,2020-01-14T10:00:00.000000000
T000323,C0000,A0041,2456.62,2020-01-14T11:00:00.000000000
T000324,C0034,A0049,9754.45,2020-01-14T12:00:00.000000000
T000325,C0038,A0025,4822.69,2020-01-14T13:00:00.000000000
T000326,C0041,A0046,19460.95,2020-01-14T14:00:00.000000000
T000327,C0098,A0046,12145.34,2020-01-14T15:00:00.000000000
T000328,C0095,A0045,4638.97,2020-01-14T16:00:00.000000000
T000329,C0087,A0034,-2867.83,2020-01-14T17:00:00.000000000
T000330,C0081,A0048,12367.41,2020-01-14T18:00:00.000000000
T000331,C0039,A0047,6515.18,2020-01-14T19:00:00.000000000
T000332,C0068,A0011,14038.43,2020-01-14T20:00:00.000000000
T000333,C0070,A0033,8930.49,2020-01-14T21:00:00.000000000
T000334,C0085,A0010,6852.54,2020-01-14T22:00:00.000000000
T000335,C0085,A0025,15656.01,2020-01-14T23:00:00.000000000
T000336,C0068,A0041,3229.88,2020-01-15T00:00:00.000000000
T000337,C0040,A0031,8039.17,2020-01-15T01:00:00.000000000
T000338,C0046,A0044,16841.56,2020-01-15T02:00:00.000000000
T000339,C0061,A0040,14655.07,2020-01-15T03:00:00.000000000
T000340,C0064,A0033,1306.52,2020-01-15T04:00:00.000000000
T000341,C0002,A0021,12958.04,2020-01-15T05:00:00.000000000
T000342,C0085,A0035,1069.11,2020-01-15T06:00:00.000000000
T000343,C0089,A0012,14283.95,2020-01-15T07:00:00.000000000
T000344,C0032,A0048,6826.99,2020-01-15T08:00:00.000000000
T000345,C0049,A0005,14368.24,2020-01-15T09:00:00.000000000
T000346,C0056,A0024,14149.26,2020-01-15T10:00:00.000000000
T000347,C0019,A0026,10620.75,2020-01-15T11:00:00.000000000
T000348,C0004,A0036,5603.74,2020-01-15T12:00:00.000000000
T000349,C0083,A0015,11079.76,2020-01-15T13:00:00.000000000
T000350,C0065,A0003,7948.5,2020-01-15T14:00:00.000000000
T000351,C0001,A0019,12225.83,2020-01-15T15:00:00.000000000
T000352,C0035,A0007,6974.04,2020-01-15T16:00:00.000000000
T000353,C0061,A0002,-1915.38,2020-01-15T17:00:00.000000000
T000354,C0005,A0034,12484.96,2020-01-15T18:00:00.000000000
T000355,C0026,A0034,14908.02,2020-01-15T19:00:00.000000000
T000356,C0025,A0002,12675.3,2020-01-15T20:00:00.000000000
T000357,C0068,A0029,17366.49,2020-01-15T21:00:00.000000000
T000358,C0038,A0011,-459.86,2020-01-15T22:00:00.000000000
T000359,C0021,A0008,12039.14,2020-01-15T23:00:00.000000000
T000360,C0020,A0012,15684.36,2020-01-16T00:00:00.000000000
T000361,C0077,A0036,17974.87,2020-01-16T01:00:00.000000000
T000362,C0061,A0033,436.92,2020-01-16T02:00:00.000000000
T000363,C0089,A0015,16060.6,2020-01-16T03:00:00.000000000
T000364,C0011,A0047,19383.31,2020-01-16T04:00:00.000000000
T000365,C0065,A0023,10351.41,2020-01-16T05:00:00.000000000
T000366,C0022,A0013,6700.74,2020-01-16T06:00:00.000000000
T000367,C0078,A0045,13630.75,2020-01-16T07:00:00.000000000
T000368,C0057,A0030,9826.54,2020-01-16T08:00:00.000000000
T000369,C0083,A0010,8609.77,2020-01-16T09:00:00.000000000
T000370,C0073,A0006,12568.55,2020-01-16T10:00:00.000000000
T000371,C0056,A0042,11838.32,2020-01-16T11:00:00.000000000
T000372,C0018,A0028,10830.67,2020-01-16T12:00:00.000000000
T000373,C0025,A0007,20111.12,2020-01-16T13:00:00.000000000
T000374,C0026,A0002,9103.88,2020-01-16T14:00:00.000000000
T000375,C0096,A0010,3120.66,2020-01-16T15:00:00.000000000
T000376,C0066,A0048,18325.62,2020-01-16T16:00:00.000000000
T000377,C0057,A0024,13776.57,2020-01-16T17:00:00.000000000
T000378,C0049,A0045,16591.06,2020-01-16T18:00:00.000000000
T000379,C0003,A0017,16982.18,2020-01-16T19:00:00.000000000
T000380,C0006,A0047,13206.63,2020-01-16T20:00:00.000000000
T000381,C0044,A0006,13851.88,2020-01-16T21:00:00.000000000
T000382,C0084,A0037,12476.68,2020-01-16T22:00:00.000000000
T000383,C0056,A0030,11157.5,2020-01-16T23:00:00.000000000
T000384,C0049,A0047,12194.55,2020-01-17T00:00:00.000000000
T000385,C0078,A0030,8562.81,2020-01-17T01:00:00.000000000
T000386,C0071,A0037,9606.79,2020-01-17T02:00:00.000000000
T000387,C0004,A0044,1465.52,2020-01-17T03:00:00.000000000
T000388,C0067,A0020,17007.86,2020-01-17T04:00:00.000000000
T000389,C0043,A0026,10950.1,2020-01-17T05:00:00.000000000
T000390,C0059,A0006,8179.11,2020-01-17T06:00:00.000000000
T000391,C0075,A0021,12784.12,2020-01-17T07:00:00.000000000
T000392,C0032,A0009,6872.84,2020-01-17T08:00:00.000000000
T000393,C0087,A0027,8538.35,2020-01-17T09:00:00.000000000
T000394,C0096,A0047,12861.03,2020-01-17T10:00:00.000000000
T000395,C0047,A0019,6174.78,2020-01-17T11:00:00.000000000
T000396,C0092,A0002,13799.36,2020-01-17T12:00:00.000000000
T000397,C0022,A0001,14186.59,2020-01-17T13:00:00.000000000
T000398,C0085,A0029,13039.12,2020-01-17T14:00:00.000000000
T000399,C0013,A0049,13839.92,2020-01-17T15:00:00.000000000
T000400,C0075,A0040,10411.58,2020-01-17T16:00:00.000000000
T000401,C0066,A0009,5559.29,2020-01-17T17:00:00.000000000
T000402,C0048,A0034,8676.98,2020-01-17T18:00:00.000000000
T000403,C0022,A0018,11116.02,2020-01-17T19:00:00.000000000
T000404,C0087,A0029,6286.98,2020-01-17T20:00:00.000000000
T000405,C0016,A0007,10494.97,2020-01-17T21:00:00.000000000
T000406,C0072,A0009,2398.46,2020-01-17T22:00:00.000000000
T000407,C0026,A0008,9935.04,2020-01-17T23:00:00.000000000
T000408,C0001,A0017,16347.21,2020-01-18T00:00:00.000000000
T000409,C0001,A0020,11532.0,2020-01-18T01:00:00.000000000
T000410,C0022,A0007,12701.49,2020-01-18T02:00:00.000000000
T000411,C0016,A0011,14725.14,2020-01-18T03:00:00.000000000
T000412,C0055,A0001,8241.03,2020-01-18T04:00:00.000000000
T000413,C0041,A0007,12881.3,2020-01-18T05:00:00.000000000
T000414,C0094,A0000,23348.57,2020-01-18T06:00:00.000000000
T000415,C0028,A0003,9843.37,2020-01-18T07:00:00.000000000
T000416,C0006,A0030,5845.27,2020-01-18T08:00:00.000000000
T000417,C0067,A0022,17519.86,2020-01-18T09:00:00.000000000
T000418,C0034,A0031,11788.68,2020-01-18T10:00:00.000000000
T000419,C0022,A0000,3938.98,2020-01-18T11:00:00.000000000
T000420,C0084,A0031,7104.71,2020-01-18T12:00:00.000000000
T000421,C0024,A0022,12719.94,2020-01-18T13:00:00.000000000
T000422,C0025,A0033,10635.82,2020-01-18T14:00:00.000000000
T000423,C0039,A0038,2250.72,2020-01-18T15:00:00.000000000
T000424,C0024,A0035,9195.19,2020-01-18T16:00:00.000000000
T000425,C0068,A0002,10989.25,2020-01-18T17:00:00.000000000
T000426,C0076,A0035,18764.01,2020-01-18T18:00:00.000000000
T000427,C0015,A0010,15205.88,2020-01-18T19:00:00.000000000
T000428,C0068,A0006,11381.45,2020-01-18T20:00:00.000000000
T000429,C0012,A0032,12325.99,2020-01-18T21:00:00.000000000
T000430,C0050,A0017,10665.01,2020-01-18T22:00:00.000000000
T000431,C0003,A0008,5385.52,2020-01-18T23:00:00.000000000
T000432,C0056,A0037,14765.56,2020-01-19T00:00:00.000000000
T000433,C0083,A0048,8935.4,2020-01-19T01:00:00.000000000
T000434,C0000,A0022,15765.25,2020-01-19T02:00:00.000000000
T000435,C0072,A0031,6325.63,2020-01-19T03:00:00.000000000
T000436,C0073,A0038,-1013.88,2020-01-19T04:00:00.000000000
T000437,C0043,A0011,8558.72,2020-01-19T05:00:00.000000000
T000438,C0038,A0008,15301.91,2020-01-19T06:00:00.000000000
T000439,C0085,A0020,8572.79,2020-01-19T07:00:00.000000000
T000440,C0011,A0044,16049.37,2020-01-19T08:00:00.000000000
T000441,C0047,A0000,18282.55,2020-01-19T09:00:00.000000000
T000442,C0051,A0045,5408.81,2020-01-19T10:00:00.000000000
T000443,C0076,A0029,5732.68,2020-01-19T11:00:00.000000000
T000444,C0054,A0035,4039.26,2020-01-19T12:00:00.000000000
T000445,C0061,A0011,3006.14,2020-01-19T13:00:00.000000000
T000446,C0060,A0005,10552.43,2020-01-19T14:00:00.000000000
T000447,C0020,A0004,5039.02,2020-01-19T15:00:00.000000000
T000448,C0041,A0021,17720.81,2020-01-19T16:00:00.000000000
T000449,C0083,A0035,13176.72,2020-01-19T17:00:00.000000000
T000450,C0086,A0011,14330.83,2020-01-19T18:00:00.000000000
T000451,C0049,A0031,8325.95,2020-01-19T19:00:00.000000000
T000452,C0015,A0028,12486.79,2020-01-19T20:00:00.000000000
T000453,C0043,A0016,14402.41,2020-01-19T21:00:00.000000000
T000454,C0095,A0048,4289.48,2020-01-19T22:00:00.000000000
T000455,C0025,A0025,18940.89,2020-01-19T23:00:00.000000000
T000456,C0083,A0022,5835.23,2020-01-20T00:00:00.000000000
T000457,C0018,A0015,11378.82,2020-01-20T01:00:00.000000000
T000458,C0034,A0040,6802.31,2020-01-20T02:00:00.000000000
T000459,C0075,A0005,8545.81,2020-01-20T03:00:00.000000000
T000460,C0032,A0005,8473.36,2020-01-20T04:00:00.000000000
T000461,C0043,A0009,12635.05,2020-01-20T05:00:00.000000000
T000462,C0033,A0024,9997.51,2020-01-20T06:00:00.000000000
T000463,C0035,A0024,5529.74,2020-01-20T07:00:00.000000000
T000464,C0093,A0020,3073.49,2020-01-20T08:00:00.000000000
T000465,C0067,A0048,3249.8,2020-01-20T09:00:00.000000000
T000466,C0088,A0045,12007.18,2020-01-20T10:00:00.000000000
T000467,C0055,A0004,13324.31,2020-01-20T11:00:00.000000000
T000468,C0074,A0037,5548.67,2020-01-20T12:00:00.000000000
T000469,C0062,A0022,5458.8,2020-01-20T13:00:00.000000000
T000470,C0056,A0004,9612.86,2020-01-20T14:00:00.000000000
T000471,C0097,A0004,5514.59,2020-01-20T15:00:00.000000000
T000472,C0024,A0013,9247.91,2020-01-20T16:00:00.000000000
T000473,C0021,A0034,3600.1,2020-01-20T17:00:00.000000000
T000474,C0095,A0005,17382.71,2020-01-20T18:00:00.000000000
T000475,C0064,A0004,16606.95,2020-01-20T19:00:00.000000000
T000476,C0027,A0034,21943.24,2020-01-20T20:00:00.000000000
T000477,C0049,A0038,13857.01,2020-01-20T21:00:00.000000000
T000478,C0057,A0007,11811.9,2020-01-20T22:00:00.000000000
T000479,C0054,A0021,12124.07,2020-01-20T23:00:00.000000000
T000480,C0057,A0027,16927.9,2020-01-21T00:00:00.000000000
T000481,C0054,A0034,8090.15,2020-01-21T01:00:00.000000000
T000482,C0074,A0034,1760.71,2020-01-21T02:00:00.000000000
T000483,C0009,A0045,7319.38,2020-01-21T03:00:00.000000000
T000484,C0006,A0026,5111.54,2020-01-21T04:00:00.000000000
T000485,C0054,A0045,11242.72,2020-01-21T05:00:00.000000000
T000486,C0098,A0048,14510.98,2020-01-21T06:00:00.000000000
T000487,C0001,A0014,1947.83,2020-01-21T07:00:00.000000000
T000488,C0027,A0040,15635.38,2020-01-21T08:00:00.000000000
T000489,C0036,A0034,5946.23,2020-01-21T09:00:00.000000000
T000490,C0066,A0049,11888.2,2020-01-21T10:00:00.000000000
T000491,C0010,A0002,3511.04,2020-01-21T11:00:00.000000000
T000492,C0059,A0005,10262.2,2020-01-21T12:00:00.000000000
T000493,C0095,A0040,9469.06,2020-01-21T13:00:00.000000000
T000494,C0005,A0037,12223.64,2020-01-21T14:00:00.000000000
T000495,C0078,A0032,13498.87,2020-01-21T15:00:00.000000000
T000496,C0016,A0012,4600.36,2020-01-21T16:00:00.000000000
T000497,C0096,A0015,5036.08,2020-01-21T17:00:00.000000000
T000498,C0022,A0025,12082.13,2020-01-21T18:00:00.000000000
T000499,C0010,A0024,8236.46,2020-01-21T19:00:00.000000000
T000500,C0042,A0041,-230.84,2020-01-21T20:00:00.000000000
T000501,C0052,A0006,15528.29,2020-01-21T21:00:00.000000000
T000502,C0084,A0028,11463.87,2020-01-21T22:00:00.000000000
T000503,C0075,A0032,11279.17,2020-01-21T23:00:00.000000000
T000504,C0076,A0047,16587.39,2020-01-22T00:00:00.000000000
T000505,C0057,A0021,8186.48,2020-01-22T01:00:00.000000000
T000506,C0021,A0004,17911.28,2020-01-22T02:00:00.000000000
T000507,C0081,A0030,10219.83,2020-01-22T03:00:00.000000000
T000508,C0078,A0010,18091.17,2020-01-22T04:00:00.000000000
T000509,C0078,A0004,8037.06,2020-01-22T05:00:00.000000000
T000510,C0089,A0020,10838.12,2020-01-22T06:00:00.000000000
T000511,C0037,A0038,17574.1,2020-01-22T07:00:00.000000000
T000512,C0014,A0027,16149.71,2020-01-22T08:00:00.000000000
T000513,C0029,A0014,-372.06,2020-01-22T09:00:00.000000000
T000514,C0019,A0015,15968.99,2020-01-22T10:00:00.000000000
T000515,C0020,A0045,5614.11,2020-01-22T11:00:00.000000000
T000516,C0093,A0024,14494.86,2020-01-22T12:00:00.000000000
T000517,C0066,A0010,13228.43,2020-01-22T13:00:00.000000000
T000518,C0091,A0018,13677.03,2020-01-22T14:00:00.000000000
T000519,C0008,A0041,6471.24,2020-01-22T15:00:00.000000000
T000520,C0005,A0029,10106.25,2020-01-22T16:00:00.000000000
T000521,C0015,A0000,15903.55,2020-01-22T17:00:00.000000000
T000522,C0057,A0019,1402.09,2020-01-22T18:00:00.000000000
T000523,C0079,A0048,2691.38,2020-01-22T19:00:00.000000000
T000524,C0015,A0022,11208.96,2020-01-22T20:00:00.000000000
T000525,C0002,A0025,9751.52,2020-01-22T21:00:00.000000000
T000526,C0083,A0031,10461.59,2020-01-22T22:00:00.000000000
T000527,C0082,A0026,9703.45,2020-01-22T23:00:00.000000000
T000528,C0053,A0011,16873.86,2020-01-23T00:00:00.000000000
T000529,C0032,A0038,17532.55,2020-01-23T01:00:00.000000000
T000530,C0082,A0023,8850.74,2020-01-23T02:00:00.000000000
T000531,C0019,A0020,7488.26,2020-01-23T03:00:00.000000000
T000532,C0085,A0039,14952.01,2020-01-23T04:00:00.000000000
T000533,C0068,A0010,6661.14,2020-01-23T05:00:00.000000000
T000534,C0093,A0013,14808.08,2020-01-23T06:00:00.000000000
T000535,C0046,A0029,12294.73,2020-01-23T07:00:00.000000000
T000536,C0084,A0024,10749.43,2020-01-23T08:00:00.000000000
T000537,C0090,A0012,12068.26,2020-01-23T09:00:00.000000000
T000538,C0089,A0021,12186.93,2020-01-23T10:00:00.000000000
T000539,C0070,A0001,6598.84,2020-01-23T11:00:00.000000000
T000540,C0052,A0020,5530.29,2020-01-23T12:00:00.000000000
T000541,C0040,A0025,977.17,2020-01-23T13:00:00.000000000
T000542,C0057,A0023,15943.97,2020-01-23T14:00:00.000000000
T000543,C0051,A0040,1983.44,2020-01-23T15:00:00.000000000
T000544,C0068,A0041,8910.25,2020-01-23T16:00:00.000000000
T000545,C0063,A0005,5046.39,2020-01-23T17:00:00.000000000
T000546,C0065,A0009,9330.79,2020-01-23T18:00:00.000000000
T000547,C0017,A0027,16862.33,2020-01-23T19:00:00.000000000
T000548,C0014,A0029,9255.15,2020-01-23T20:00:00.000000000
T000549,C0061,A0021,14505.63,2020-01-23T21:00:00.000000000
T000550,C0083,A0046,9199.14,2020-01-23T22:00:00.000000000
T000551,C0036,A0023,19409.74,2020-01-23T23:00:00.000000000
T000552,C0061,A0012,4943.67,2020-01-24T00:00:00.000000000
T000553,C0092,A0004,8675.67,2020-01-24T01:00:00.000000000
T000554,C0020,A0032,7446.47,2020-01-24T02:00:00.000000000
T000555,C0029,A0042,17125.8,2020-01-24T03:00:00.000000000
T000556,C0032,A0018,13913.28,2020-01-24T04:00:00.000000000
T000557,C0088,A0034,9454.14,2020-01-24T05:00:00.000000000
T000558,C0031,A0046,14498.05,2020-01-24T06:00:00.000000000
T000559,C0041,A0020,8903.04,2020-01-24T07:00:00.000000000
T000560,C0096,A0037,5819.75,2020-01-24T08:00:00.000000000
T000561,C0000,A0018,4603.92,2020-01-24T09:00:00.000000000
T000562,C0074,A0003,11153.11,2020-01-24T10:00:00.000000000
T000563,C0066,A0024,4990.21,2020-01-24T11:00:00.000000000
T000564,C0060,A0001,13837.97,2020-01-24T12:00:00.000000000
T000565,C0035,A0046,17401.09,2020-01-24T13:00:00.000000000
T000566,C0019,A0029,13175.46,2020-01-24T14:00:00.000000000
T000567,C0000,A0014,4366.0,2020-01-24T15:00:00.000000000
T000568,C0016,A0004,7826.48,2020-01-24T16:00:00.000000000
T000569,C0027,A0041,15264.97,2020-01-24T17:00:00.000000000
T000570,C0099,A0018,3972.15,2020-01-24T18:00:00.000000000
T000571,C0078,A0008,9338.97,2020-01-24T19:00:00.000000000
T000572,C0033,A0038,11014.91,2020-01-24T20:00:00.000000000
T000573,C0037,A0004,12279.14,2020-01-24T21:00:00.000000000
T000574,C0092,A0017,18010.09,2020-01-24T22:00:00.000000000
T000575,C0056,A0001,10820.72,2020-01-24T23:00:00.000000000
T000576,C0028,A0047,15868.67,2020-01-25T00:00:00.000000000
T000577,C0072,A0042,1715.7,2020-01-25T01:00:00.000000000
T000578,C0056,A0010,7270.25,2020-01-25T02:00:00.000000000
T000579,C0034,A0022,8730.66,2020-01-25T03:00:00.000000000
T000580,C0056,A0034,17311.08,2020-01-25T04:00:00.000000000
T000581,C0040,A0011,11595.43,2020-01-25T05:00:00.000000000
T000582,C0080,A0004,9406.36,2020-01-25T06:00:00.000000000
T000583,C0020,A0037,9352.91,2020-01-25T07:00:00.000000000
T000584,C0038,A0019,4529.49,2020-01-25T08:00:00.000000000
T000585,C0069,A0049,2645.34,2020-01-25T09:00:00.000000000
T000586,C0012,A0007,13929.14,2020-01-25T10:00:00.000000000
T000587,C0036,A0017,7041.35,2020-01-25T11:00:00.000000000
T000588,C0066,A0035,13812.03,2020-01-25T12:00:00.000000000
T000589,C0013,A0047,11690.97,2020-01-25T13:00:00.000000000
T000590,C0051,A0004,12258.01,2020-01-25T14:00:00.000000000
T000591,C0011,A0033,-2363.61,2020-01-25T15:00:00.000000000
T000592,C0091,A0012,15288.29,2020-01-25T16:00:00.000000000
T000593,C0059,A0011,13755.01,2020-01-25T17:00:00.000000000
T000594,C0010,A0038,13996.63,2020-01-25T18:00:00.000000000
T000595,C0056,A0010,13561.5,2020-01-25T19:00:00.000000000
T000596,C0004,A0019,13153.32,2020-01-25T20:00:00.000000000
T000597,C0073,A0009,13295.55,2020-01-25T21:00:00.000000000
T000598,C0081,A0014,11673.67,2020-01-25T22:00:00.000000000
T000599,C0068,A0016,6229.95,2020-01-25T23:00:00.000000000
T000600,C0020,A0034,16871.09,2020-01-26T00:00:00.000000000
T000601,C0067,A0048,6857.9,2020-01-26T01:00:00.000000000
T000602,C0052,A0023,8775.58,2020-01-26T02:00:00.000000000
T000603,C0029,A0033,11944.58,2020-01-26T03:00:00.000000000
T000604,C0055,A0024,7727.83,2020-01-26T04:00:00.000000000
T000605,C0076,A0045,17576.65,2020-01-26T05:00:00.000000000
T000606,C0036,A0022,10090.58,2020-01-26T06:00:00.000000000
T000607,C0076,A0049,242.13,2020-01-26T07:00:00.000000000
T000608,C0003,A0020,10439.81,2020-01-26T08:00:00.000000000
T000609,C0091,A0043,18096.41,2020-01-26T09:00:00.000000000
T000610,C0006,A0046,11046.73,2020-01-26T10:00:00.000000000
T000611,C0087,A0036,10491.41,2020-01-26T11:00:00.000000000
T000612,C0011,A0003,13699.86,2020-01-26T12:00:00.000000000
T000613,C0013,A0006,10424.1,2020-01-26T13:00:00.000000000
T000614,C0068,A0013,4142.18,2020-01-26T14:00:00.000000000
T000615,C0056,A0022,6629.35,2020-01-26T15:00:00.000000000
T000616,C0059,A0021,10410.84,2020-01-26T16:00:00.000000000
T000617,C0007,A0021,11115.19,2020-01-26T17:00:00.000000000
T000618,C0049,A0045,5788.25,2020-01-26T18:00:00.000000000
T000619,C0092,A0005,7426.92,2020-01-26T19:00:00.000000000
T000620,C0087,A0044,9158.16,2020-01-26T20:00:00.000000000
T000621,C0079,A0036,8175.59,2020-01-26T21:00:00.000000000
T000622,C0062,A0019,15441.63,2020-01-26T22:00:00.000000000
T000623,C0021,A0030,2976.92,2020-01-26T23:00:00.000000000
T000624,C0098,A0033,19133.72,2020-01-27T00:00:00.000000000
T000625,C0026,A0010,-374.8,2020-01-27T01:00:00.000000000
T000626,C0033,A0004,3248.38,2020-01-27T02:00:00.000000000
T000627,C0020,A0009,15128.42,2020-01-27T03:00:00.000000000
T000628,C0072,A0022,11281.4,2020-01-27T04:00:00.000000000
T000629,C0087,A0011,6410.69,2020-01-27T05:00:00.000000000
T000630,C0043,A0034,6101.76,2020-01-27T06:00:00.000000000
T000631,C0004,A0009,8864.63,2020-01-27T07:00:00.000000000
T000632,C0055,A0049,10609.68,2020-01-27T08:00:00.000000000
T000633,C0000,A0040,7228.22,2020-01-27T09:00:00.000000000
T000634,C0043,A0028,5099.6,2020-01-27T10:00:00.000000000
T000635,C0074,A0045,10312.35,2020-01-27T11:00:00.000000000
T000636,C0015,A0031,6348.69,2020-01-27T12:00:00.000000000
T000637,C0071,A0013,8510.19,2020-01-27T13:00:00.000000000
T000638,C0038,A0002,7152.97,2020-01-27T14:00:00.000000000
T000639,C0014,A0044,17158.39,2020-01-27T15:00:00.000000000
T000640,C0033,A0029,21808.14,2020-01-27T16:00:00.000000000
T000641,C0034,A0000,6854.56,2020-01-27T17:00:00.000000000
T000642,C0044,A0024,2073.33,2020-01-27T18:00:00.000000000
T000643,C0080,A0009,11637.89,2020-01-27T19:00:00.000000000
T000644,C0088,A0024,3068.74,2020-01-27T20:00:00.000000000
T000645,C0089,A0045,8489.27,2020-01-27T21:00:00.000000000
T000646,C0087,A0016,7578.69,2020-01-27T22:00:00.000000000
T000647,C0021,A0021,9496.29,2020-01-27T23:00:00.000000000
T000648,C0077,A0045,6731.77,2020-01-28T00:00:00.000000000
T000649,C0078,A0042,1579.49,2020-01-28T01:00:00.000000000
T000650,C0093,A0008,11930.98,2020-01-28T02:00:00.000000000
T000651,C0099,A0021,7165.39,2020-01-28T03:00:00.000000000
T000652,C0031,A0032,5693.77,2020-01-28T04:00:00.000000000
T000653,C0020,A0000,9069.73,2020-01-28T05:00:00.000000000
T000654,C0022,A0010,14061.55,2020-01-28T06:00:00.000000000
T000655,C0075,A0025,6025.75,2020-01-28T07:00:00.000000000
T000656,C0036,A0025,4257.25,2020-01-28T08:00:00.000000000
T000657,C0039,A0045,4823.28,2020-01-28T09:00:00.000000000
T000658,C0056,A0031,8382.71,2020-01-28T10:00:00.000000000
T000659,C0048,A0013,9788.6,2020-01-28T11:00:00.000000000
T000660,C0009,A0032,6135.5,2020-01-28T12:00:00.000000000
T000661,C0044,A0016,11490.93,2020-01-28T13:00:00.000000000
T000662,C0038,A0041,14796.24,2020-01-28T14:00:00.000000000
T000663,C0036,A0003,14997.34,2020-01-28T15:00:00.000000000
T000664,C0057,A0032,3795.71,2020-01-28T16:00:00.000000000
T000665,C0074,A0042,1119.11,2020-01-28T17:00:00.000000000
T000666,C0019,A0007,10922.66,2020-01-28T18:00:00.000000000
T000667,C0098,A0012,-3293.82,2020-01-28T19:00:00.000000000
T000668,C0096,A0039,15513.17,2020-01-28T20:00:00.000000000
T000669,C0028,A0047,12634.65,2020-01-28T21:00:00.000000000
T000670,C0070,A0037,15652.63,2020-01-28T22:00:00.000000000
T000671,C0093,A0045,11498.18,2020-01-28T23:00:00.000000000
T000672,C0070,A0002,13213.35,2020-01-29T00:00:00.000000000
T000673,C0077,A0018,10436.37,2020-01-29T01:00:00.000000000
T000674,C0080,A0031,2981.63,2020-01-29T02:00:00.000000000
T000675,C0067,A0031,17033.07,2020-01-29T03:00:00.000000000
T000676,C0081,A0004,9055.15,2020-01-29T04:00:00.000000000
T000677,C0011,A0030,13832.3,2020-01-29T05:00:00.000000000
T000678,C0058,A0049,9457.07,2020-01-29T06:00:00.000000000
T000679,C0077,A0029,13491.71,2020-01-29T07:00:00.000000000
T000680,C0084,A0047,9661.36,2020-01-29T08:00:00.000000000
T000681,C0031,A0039,13978.4,2020-01-29T09:00:00.000000000
T000682,C0031,A0043,15635.65,2020-01-29T10:00:00.000000000
T000683,C0034,A0031,7537.99,2020-01-29T11:00:00.000000000
T000684,C0079,A0046,6133.16,2020-01-29T12:00:00.000000000
T000685,C0042,A0026,12937.48,2020-01-29T13:00:00.000000000
T000686,C0013,A0048,13130.8,2020-01-29T14:00:00.000000000
T000687,C0047,A0031,14743.67,2020-01-29T15:00:00.000000000
T000688,C0059,A0037,12799.27,2020-01-29T16:00:00.000000000
T000689,C0065,A0048,10610.44,2020-01-29T17:00:00.000000000
T000690,C0015,A0023,10185.24,2020-01-29T18:00:00.000000000
T000691,C0090,A0006,5473.67,2020-01-29T19:00:00.000000000
T000692,C0093,A0034,12635.59,2020-01-29T20:00:00.000000000
T000693,C0020,A0045,15985.17,2020-01-29T21:00:00.000000000
T000694,C0074,A0019,11840.4,2020-01-29T22:00:00.000000000
T000695,C0085,A0000,7597.57,2020-01-29T23:00:00.000000000
T000696,C0085,A0012,7950.63,2020-01-30T00:00:00.000000000
T000697,C0088,A0042,10180.82,2020-01-30T01:00:00.000000000
T000698,C0089,A0007,12226.0,2020-01-30T02:00:00.000000000
T000699,C0023,A0049,3935.25,2020-01-30T03:00:00.000000000
T000700,C0062,A0016,4093.99,2020-01-30T04:00:00.000000000
T000701,C0026,A0004,7258.57,2020-01-30T05:00:00.000000000
T000702,C0009,A0030,16447.92,2020-01-30T06:00:00.000000000
T000703,C0090,A0014,12355.24,2020-01-30T07:00:00.000000000
T000704,C0036,A0043,26577.92,2020-01-30T08:00:00.000000000
T000705,C0092,A0034,12318.61,2020-01-30T09:00:00.000000000
T000706,C0012,A0044,13718.02,2020-01-30T10:00:00.000000000
T000707,C0016,A0034,10724.38,2020-01-30T11:00:00.000000000
T000708,C0038,A0048,12049.36,2020-01-30T12:00:00.000000000
T000709,C0066,A0014,17419.12,2020-01-30T13:00:00.000000000
T000710,C0091,A0029,-1379.99,2020-01-30T14:00:00.000000000
T000711,C0070,A0023,13928.06,2020-01-30T15:00:00.000000000
T000712,C0076,A0009,11868.16,2020-01-30T16:00:00.000000000
T000713,C0012,A0006,11760.54,2020-01-30T17:00:00.000000000
T000714,C0086,A0018,4017.55,2020-01-30T18:00:00.000000000
T000715,C0042,A0036,5709.5,2020-01-30T19:00:00.000000000
T000716,C0057,A0048,10527.59,2020-01-30T20:00:00.000000000
T000717,C0010,A0012,6345.14,2020-01-30T21:00:00.000000000
T000718,C0057,A0008,3460.19,2020-01-30T22:00:00.000000000
T000719,C0080,A0029,11361.06,2020-01-30T23:00:00.000000000
T000720,C0017,A0021,7452.23,2020-01-31T00:00:00.000000000
T000721,C0049,A0030,2587.59,2020-01-31T01:00:00.000000000
T000722,C0017,A0009,9598.77,2020-01-31T02:00:00.000000000
T000723,C0048,A0041,14817.39,2020-01-31T03:00:00.000000000
T000724,C0062,A0033,13334.87,2020-01-31T04:00:00.000000000
T000725,C0075,A0015,6566.8,2020-01-31T05:00:00.000000000
T000726,C0063,A0035,16205.41,2020-01-31T06:00:00.000000000
T000727,C0054,A0014,9026.57,2020-01-31T07:00:00.000000000
T000728,C0011,A0026,12230.9,2020-01-31T08:00:00.000000000
T000729,C0076,A0007,8601.15,2020-01-31T09:00:00.000000000
T000730,C0082,A0005,11609.28,2020-01-31T10:00:00.000000000
T000731,C0041,A0029,17677.35,2020-01-31T11:00:00.000000000
T000732,C0069,A0003,-3415.34,2020-01-31T12:00:00.000000000
T000733,C0032,A0010,9211.36,2020-01-31T13:00:00.000000000
T000734,C0091,A0016,9221.67,2020-01-31T14:00:00.000000000
T000735,C0049,A0019,12837.28,2020-01-31T15:00:00.000000000
T000736,C0094,A0028,9800.18,2020-01-31T16:00:00.000000000
T000737,C0043,A0046,15986.05,2020-01-31T17:00:00.000000000
T000738,C0043,A0011,7696.52,2020-01-31T18:00:00.000000000
T000739,C0091,A0040,16534.68,2020-01-31T19:00:00.000000000
T000740,C0009,A0007,18121.77,2020-01-31T20:00:00.000000000
T000741,C0057,A0029,9698.45,2020-01-31T21:00:00.000000000
T000742,C0095,A0038,10135.55,2020-01-31T22:00:00.000000000
T000743,C0021,A0034,13001.69,2020-01-31T23:00:00.000000000
T000744,C0014,A0040,13508.52,2020-02-01T00:00:00.000000000
T000745,C0030,A0036,9144.82,2020-02-01T01:00:00.000000000
T000746,C0003,A0004,7233.19,2020-02-01T02:00:00.000000000
T000747,C0050,A0000,11267.68,2020-02-01T03:00:00.000000000
T000748,C0033,A0028,5137.13,2020-02-01T04:00:00.000000000
T000749,C0024,A0019,7114.99,2020-02-01T05:00:00.000000000
T000750,C0028,A0012,4584.95,2020-02-01T06:00:00.000000000
T000751,C0051,A0012,13269.57,2020-02-01T07:00:00.000000000
T000752,C0016,A0044,10907.21,2020-02-01T08:00:00.000000000
T000753,C0064,A0031,5143.6,2020-02-01T09:00:00.000000000
T000754,C0005,A0049,7162.59,2020-02-01T10:00:00.000000000
T000755,C0034,A0008,8492.82,2020-02-01T11:00:00.000000000
T000756,C0080,A0031,19099.18,2020-02-01T12:00:00.000000000
T000757,C0039,A0041,11645.0,2020-02-01T13:00:00.000000000
T000758,C0046,A0037,16040.57,2020-02-01T14:00:00.000000000
T000759,C0058,A0038,6025.52,2020-02-01T15:00:00.000000000
T000760,C0070,A0046,15232.87,2020-02-01T16:00:00.000000000
T000761,C0017,A0012,8103.76,2020-02-01T17:00:00.000000000
T000762,C0076,A0034,11228.5,2020-02-01T18:00:00.000000000
T000763,C0030,A0032,9588.59,2020-02-01T19:00:00.000000000
T000764,C0032,A0037,7329.25,2020-02-01T20:00:00.000000000
T000765,C0008,A0024,17217.01,2020-02-01T21:00:00.000000000
T000766,C0096,A0048,16395.76,2020-02-01T22:00:00.000000000
T000767,C0072,A0001,5808.56,2020-02-01T23:00:00.000000000
T000768,C0042,A0000,4406.96,2020-02-02T00:00:00.000000000
T000769,C0018,A0028,-885.29,2020-02-02T01:00:00.000000000
T000770,C0087,A0003,11591.91,2020-02-02T02:00:00.000000000
T000771,C0007,A0017,6558.01,2020-02-02T03:00:00.000000000
T000772,C0052,A0028,7181.46,2020-02-02T04:00:00.000000000
T000773,C0067,A0038,5190.66,2020-02-02T05:00:00.000000000
T000774,C0009,A0033,12593.51,2020-02-02T06:00:00.000000000
T000775,C0022,A0027,12183.84,2020-02-02T07:00:00.000000000
T000776,C0076,A0008,7067.38,2020-02-02T08:00:00.000000000
T000777,C0070,A0043,1182.26,2020-02-02T09:00:00.000000000
T000778,C0015,A0006,10442.9,2020-02-02T10:00:00.000000000
T000779,C0064,A0013,17784.55,2020-02-02T11:00:00.000000000
T000780,C0032,A0004,11069.27,2020-02-02T12:00:00.000000000
T000781,C0050,A0024,16881.32,2020-02-02T13:00:00.000000000
T000782,C0076,A0015,7585.88,2020-02-02T14:00:00.000000000
T000783,C0090,A0048,5417.58,2020-02-02T15:00:00.000000000
T000784,C0062,A0005,16347.27,2020-02-02T16:00:00.000000000
T000785,C0072,A0025,11981.85,2020-02-02T17:00:00.000000000
T000786,C0057,A0045,16423.73,2020-02-02T18:00:00.000000000
T000787,C0038,A0039,3871.97,2020-02-02T19:00:00.000000000
T000788,C0007,A0011,4587.87,2020-02-02T20:00:00.000000000
T000789,C0035,A0021,11794.8,2020-02-02T21:00:00.000000000
T000790,C0009,A0025,9350.12,2020-02-02T22:00:00.000000000
T000791,C0073,A0027,8153.98,2020-02-02T23:00:00.000000000
T000792,C0084,A0003,17103.1,2020-02-03T00:00:00.000000000
T000793,C0076,A0002,8590.48,2020-02-03T01:00:00.000000000
T000794,C0059,A0011,9634.33,2020-02-03T02:00:00.000000000
T000795,C0003,A0020,7526.93,2020-02-03T03:00:00.000000000
T000796,C0034,A0036,16236.73,2020-02-03T04:00:00.000000000
T000797,C0073,A0031,13255.45,2020-02-03T05:00:00.000000000
T000798,C0044,A0013,10904.64,2020-02-03T06:00:00.000000000
T000799,C0015,A0036,11702.15,2020-02-03T07:00:00.000000000
T000800,C0006,A0009,6013.6,2020-02-03T08:00:00.000000000
T000801,C0067,A0020,4092.42,2020-02-03T09:00:00.000000000
T000802,C0054,A0041,22823.06,2020-02-03T10:00:00.000000000
T000803,C0032,A0020,13248.8,2020-02-03T11:00:00.000000000
T000804,C0050,A0017,11017.3,2020-02-03T12:00:00.000000000
T000805,C0085,A0016,4531.42,2020-02-03T13:00:00.000000000
T000806,C0007,A0014,6779.27,2020-02-03T14:00:00.000000000
T000807,C0056,A0033,9489.99,2020-02-03T15:00:00.000000000
T000808,C0036,A0021,10928.44,2020-02-03T16:00:00.000000000
T000809,C0097,A0028,3589.84,2020-02-03T17:00:00.000000000
T000810,C0048,A0020,4504.0,2020-02-03T18:00:00.000000000
T000811,C0043,A0004,12416.56,2020-02-03T19:00:00.000000000
T000812,C0091,A0017,8168.3,2020-02-03T20:00:00.000000000
T000813,C0000,A0015,11448.22,2020-02-03T21:00:00.000000000
T000814,C0017,A0014,5061.34,2020-02-03T22:00:00.000000000
T000815,C0052,A0048,7278.84,2020-02-03T23:00:00.000000000
T000816,C0033,A0020,13656.38,2020-02-04T00:00:00.000000000
T000817,C0018,A0028,15095.54,2020-02-04T01:00:00.000000000
T000818,C0047,A0024,9654.35,2020-02-04T02:00:00.000000000
T000819,C0035,A0048,7012.89,2020-02-04T03:00:00.000000000
T000820,C0095,A0021,10224.01,2020-02-04T04:00:00.000000000
T000821,C0082,A0026,12095.31,2020-02-04T05:00:00.000000000
T000822,C0090,A0031,8496.17,2020-02-04T06:00:00.000000000
T000823,C0049,A0033,3163.96,2020-02-04T07:00:00.000000000
T000824,C0089,A0030,15858.95,2020-02-04T08:00:00.000000000
T000825,C0094,A0022,6740.35,2020-02-04T09:00:00.000000000
T000826,C0000,A0048,8188.44,2020-02-04T10:00:00.000000000
T000827,C0042,A0013,3721.2,2020-02-04T11:00:00.000000000
T000828,C0083,A0020,4523.48,2020-02-04T12:00:00.000000000
T000829,C0059,A0046,13131.39,2020-02-04T13:00:00.000000000
T000830,C0020,A0044,7505.59,2020-02-04T14:00:00.000000000
T000831,C0010,A0026,9264.37,2020-02-04T15:00:00.000000000
T000832,C0062,A0001,17402.27,2020-02-04T16:00:00.000000000
T000833,C0027,A0034,6976.65,2020-02-04T17:00:00.000000000
T000834,C0002,A0019,8592.59,2020-02-04T18:00:00.000000000
T000835,C0004,A0025,5613.59,2020-02-04T19:00:00.000000000
T000836,C0005,A0012,5302.23,2020-02-04T20:00:00.000000000
T000837,C0017,A0003,7746.78,2020-02-04T21:00:00.000000000
T000838,C0070,A0007,7470.7,2020-02-04T22:00:00.000000000
T000839,C0005,A0029,16576.23,2020-02-04T23:00:00.000000000
T000840,C0023,A0009,9186.5,2020-02-05T00:00:00.000000000
T000841,C0036,A0026,6356.24,2020-02-05T01:00:00.000000000
T000842,C0078,A0014,5333.21,2020-02-05T02:00:00.000000000
T000843,C0043,A0045,12489.0,2020-02-05T03:00:00.000000000
T000844,C0024,A0030,9606.86,2020-02-05T04:00:00.000000000
T000845,C0043,A0045,9371.53,2020-02-05T05:00:00.000000000
T000846,C0013,A0006,8421.88,2020-02-05T06:00:00.000000000
T000847,C0073,A0029,12809.46,2020-02-05T07:00:00.000000000
T000848,C0078,A0019,12183.8,2020-02-05T08:00:00.000000000
T000849,C0004,A0024,18162.81,2020-02-05T09:00:00.000000000
T000850,C0048,A0022,8645.26,2020-02-05T10:00:00.000000000
T000851,C0012,A0010,8388.62,2020-02-05T11:00:00.000000000
T000852,C0095,A0036,11218.17,2020-02-05T12:00:00.000000000
T000853,C0094,A0017,3968.7,2020-02-05T13:00:00.000000000
T000854,C0039,A0038,8385.01,2020-02-05T14:00:00.000000000
T000855,C0075,A0028,8552.27,2020-02-05T15:00:00.000000000
T000856,C0096,A0035,18891.19,2020-02-05T16:00:00.000000000
T000857,C0077,A0049,16020.12,2020-02-05T17:00:00.000000000
T000858,C0093,A0036,17519.12,2020-02-05T18:00:00.000000000
T000859,C0074,A0003,10323.38,2020-02-05T19:00:00.000000000
T000860,C0006,A0035,11449.22,2020-02-05T20:00:00.000000000
T000861,C0052,A0006,13069.18,2020-02-05T21:00:00.000000000
T000862,C0095,A0044,12770.72,2020-02-05T22:00:00.000000000
T000863,C0019,A0012,-1181.48,2020-02-05T23:00:00.000000000
T000864,C0060,A0032,4604.67,2020-02-06T00:00:00.000000000
T000865,C0072,A0044,13675.36,2020-02-06T01:00:00.000000000
T000866,C0062,A0009,7605.43,2020-02-06T02:00:00.000000000
T000867,C0031,A0023,4706.57,2020-02-06T03:00:00.000000000
T000868,C0084,A0030,1928.79,2020-02-06T04:00:00.000000000
T000869,C0077,A0018,11551.89,2020-02-06T05:00:00.000000000
T000870,C0068,A0019,15329.98,2020-02-06T06:00:00.000000000
T000871,C0051,A0042,19715.63,2020-02-06T07:00:00.000000000
T000872,C0099,A0039,14995.29,2020-02-06T08:00:00.000000000
T000873,C0010,A0029,3468.02,2020-02-06T09:00:00.000000000
T000874,C0076,A0033,5552.66,2020-02-06T10:00:00.000000000
T000875,C0011,A0009,11824.66,2020-02-06T11:00:00.000000000
T000876,C0027,A0043,3307.75,2020-02-06T12:00:00.000000000
T000877,C0070,A0002,14340.21,2020-02-06T13:00:00.000000000
T000878,C0057,A0024,7525.49,2020-02-06T14:00:00.000000000
T000879,C0049,A0011,12579.03,2020-02-06T15:00:00.000000000
T000880,C0089,A0047,6574.47,2020-02-06T16:00:00.000000000
T000881,C0089,A0025,2295.48,2020-02-06T17:00:00.000000000
T000882,C0005,A0028,9777.29,2020-02-06T18:00:00.000000000
T000883,C0045,A0048,9454.69,2020-02-06T19:00:00.000000000
T000884,C0083,A0037,12003.14,2020-02-06T20:00:00.000000000
T000885,C0089,A0038,9824.43,2020-02-06T21:00:00.000000000
T000886,C0078,A0031,8821.62,2020-02-06T22:00:00.000000000
T000887,C0097,A0046,3968.87,2020-02-06T23:00:00.000000000
T000888,C0039,A0004,873.84,2020-02-07T00:00:00.000000000
T000889,C0061,A0000,8398.98,2020-02-07T01:00:00.000000000
T000890,C0053,A0009,490.14,2020-02-07T02:00:00.000000000
T000891,C0023,A0034,7990.26,2020-02-07T03:00:00.000000000
T000892,C0054,A0009,10929.92,2020-02-07T04:00:00.000000000
T000893,C0007,A0016,9991.02,2020-02-07T05:00:00.000000000
T000894,C0032,A0011,16023.06,2020-02-07T06:00:00.000000000
T000895,C0080,A0030,21940.25,2020-02-07T07:00:00.000000000
T000896,C0024,A0014,12266.9,2020-02-07T08:00:00.000000000
T000897,C0096,A0032,-425.1,2020-02-07T09:00:00.000000000
T000898,C0037,A0001,-4995.4,2020-02-07T10:00:00.000000000
T000899,C0049,A0019,13219.72,2020-02-07T11:00:00.000000000
T000900,C0051,A0015,7095.42,2020-02-07T12:00:00.000000000
T000901,C0042,A0002,12698.63,2020-02-07T13:00:00.000000000
T000902,C0002,A0029,10249.32,2020-02-07T14:00:00.000000000
T000903,C0029,A0048,17315.11,2020-02-07T15:00:00.000000000
T000904,C0064,A0034,3150.83,2020-02-07T16:00:00.000000000
T000905,C0045,A0034,10336.06,2020-02-07T17:00:00.000000000
T000906,C0090,A0029,-4787.41,2020-02-07T18:00:00.000000000
T000907,C0074,A0013,6555.68,2020-02-07T19:00:00.000000000
T000908,C0022,A0008,5824.33,2020-02-07T20:00:00.000000000
T000909,C0086,A0026,6061.05,2020-02-07T21:00:00.000000000
T000910,C0062,A0047,5815.61,2020-02-07T22:00:00.000000000
T000911,C0097,A0023,8631.73,2020-02-07T23:00:00.000000000
T000912,C0082,A0001,9815.65,2020-02-08T00:00:00.000000000
T000913,C0010,A0030,-1407.08,2020-02-08T01:00:00.000000000
T000914,C0097,A0028,8908.05,2020-02-08T02:00:00.000000000
T000915,C0057,A0026,10416.21,2020-02-08T03:00:00.000000000
T000916,C0089,A0022,11029.69,2020-02-08T04:00:00.000000000
T000917,C0083,A0031,6086.06,2020-02-08T05:00:00.000000000
T000918,C0001,A0033,4425.48,2020-02-08T06:00:00.000000000
T000919,C0050,A0022,14456.44,2020-02-08T07:00:00.000000000
T000920,C0044,A0017,5772.51,2020-02-08T08:00:00.000000000
T000921,C0009,A0004,9388.54,2020-02-08T09:00:00.000000000
T000922,C0095,A0045,19955.22,2020-02-08T10:00:00.000000000
T000923,C0068,A0046,12126.67,2020-02-08T11:00:00.000000000
T000924,C0096,A0037,11756.79,2020-02-08T12:00:00.000000000
T000925,C0077,A0029,12718.04,2020-02-08T13:00:00.000000000
T000926,C0081,A0014,5664.51,2020-02-08T14:00:00.000000000
T000927,C0012,A0017,2611.95,2020-02-08T15:00:00.000000000
T000928,C0024,A0018,16013.15,2020-02-08T16:00:00.000000000
T000929,C0015,A0020,13785.06,2020-02-08T17:00:00.000000000
T000930,C0096,A0000,12743.38,2020-02-08T18:00:00.000000000
T000931,C0049,A0047,18832.55,2020-02-08T19:00:00.000000000
T000932,C0049,A0006,12551.9,2020-02-08T20:00:00.000000000
T000933,C0014,A0046,6245.83,2020-02-08T21:00:00.000000000
T000934,C0090,A0007,3648.67,2020-02-08T22:00:00.000000000
T000935,C0030,A0015,3083.71,2020-02-08T23:00:00.000000000
T000936,C0053,A0002,12657.87,2020-02-09T00:00:00.000000000
T000937,C0080,A0047,12103.16,2020-02-09T01:00:00.000000000
T000938,C0074,A0003,4143.94,2020-02-09T02:00:00.000000000
T000939,C0072,A0035,7280.96,2020-02-09T03:00:00.000000000
T000940,C0072,A0006,7854.69,2020-02-09T04:00:00.000000000
T000941,C0031,A0038,6399.5,2020-02-09T05:00:00.000000000
T000942,C0095,A0019,11040.11,2020-02-09T06:00:00.000000000
T000943,C0074,A0025,8065.81,2020-02-09T07:00:00.000000000
T000944,C0048,A0018,15295.29,2020-02-09T08:00:00.000000000
T000945,C0028,A0039,8476.71,2020-02-09T09:00:00.000000000
T000946,C0068,A0036,3699.27,2020-02-09T10:00:00.000000000
T000947,C0036,A0048,5669.79,2020-02-09T11:00:00.000000000
T000948,C0034,A0014,16164.88,2020-02-09T12:00:00.000000000
T000949,C0048,A0038,12571.99,2020-02-09T13:00:00.000000000
T000950,C0077,A0035,13369.57,2020-02-09T14:00:00.000000000
T000951,C0058,A0048,11452.75,2020-02-09T15:00:00.000000000
T000952,C0096,A0032,9766.76,2020-02-09T16:00:00.000000000
T000953,C0027,A0045,11980.4,2020-02-09T17:00:00.000000000
T000954,C0084,A0037,9861.45,2020-02-09T18:00:00.000000000
T000955,C0066,A0011,10506.38,2020-02-09T19:00:00.000000000
T000956,C0058,A0037,13179.83,2020-02-09T20:00:00.000000000
T000957,C0081,A0002,8039.12,2020-02-09T21:00:00.000000000
T000958,C0071,A0019,5667.52,2020-02-09T22:00:00.000000000
T000959,C0096,A0024,-1146.39,2020-02-09T23:00:00.000000000
T000960,C0043,A0004,12712.61,2020-02-10T00:00:00.000000000
T000961,C0074,A0006,12653.78,2020-02-10T01:00:00.000000000
T000962,C0018,A0022,15153.66,2020-02-10T02:00:00.000000000
T000963,C0054,A0001,9506.37,2020-02-10T03:00:00.000000000
T000964,C0000,A0035,1459.93,2020-02-10T04:00:00.000000000
T000965,C0019,A0013,14947.67,2020-02-10T05:00:00.000000000
T000966,C0002,A0019,14799.72,2020-02-10T06:00:00.000000000
T000967,C0050,A0014,2369.75,2020-02-10T07:00:00.000000000
T000968,C0025,A0038,5809.44,2020-02-10T08:00:00.000000000
T000969,C0056,A0048,5412.29,2020-02-10T09:00:00.000000000
T000970,C0059,A0002,8429.65,2020-02-10T10:00:00.000000000
T000971,C0097,A0006,5373.22,2020-02-10T11:00:00.000000000
T000972,C0050,A0003,10197.29,2020-02-10T12:00:00.000000000
T000973,C0087,A0015,8781.76,2020-02-10T13:00:00.000000000
T000974,C0011,A0013,14931.67,2020-02-10T14:00:00.000000000
T000975,C0056,A0018,7942.85,2020-02-10T15:00:00.000000000
T000976,C0085,A0032,703.99,2020-02-10T16:00:00.000000000
T000977,C0043,A0042,16889.79,2020-02-10T17:00:00.000000000
T000978,C0006,A0017,6285.05,2020-02-10T18:00:00.000000000
T000979,C0031,A0017,5379.9,2020-02-10T19:00:00.000000000
T000980,C0077,A0001,16123.24,2020-02-10T20:00:00.000000000
T000981,C0037,A0039,10287.74,2020-02-10T21:00:00.000000000
T000982,C0062,A0044,10205.08,2020-02-10T22:00:00.000000000
T000983,C0082,A0049,14596.02,2020-02-10T23:00:00.000000000
T000984,C0030,A0026,5720.44,2020-02-11T00:00:00.000000000
T000985,C0018,A0019,2895.6,2020-02-11T01:00:00.000000000
T000986,C0060,A0032,7530.88,2020-02-11T02:00:00.000000000
T000987,C0020,A0019,14560.82,2020-02-11T03:00:00.000000000
T000988,C0012,A0048,17113.06,2020-02-11T04:00:00.000000000
T000989,C0091,A0023,15128.64,2020-02-11T05:00:00.000000000
T000990,C0079,A0045,15285.68,2020-02-11T06:00:00.000000000
T000991,C0037,A0000,9430.8,2020-02-11T07:00:00.000000000
T000992,C0029,A0049,8868.42,2020-02-11T08:00:00.000000000
T000993,C0022,A0029,8091.75,2020-02-11T09:00:00.000000000
T000994,C0035,A0004,5568.61,2020-02-11T10:00:00.000000000
T000995,C0098,A0017,10314.71,2020-02-11T11:00:00.000000000
T000996,C0058,A0029,11289.4,2020-02-11T12:00:00.000000000
T000997,C0057,A0000,4144.38,2020-02-11T13:00:00.000000000
T000998,C0050,A0040,12545.69,2020-02-11T14:00:00.000000000
T000999,C0041,A0004,10995.11,2020-02-11T15:00:00.000000000
